order_id,order_time,user_id,product_id,channel,province,city,quantity,unit_price,discount_amount,pay_amount,order_status,pay_type
SO20260601000001,2026-06-01 11:55:24,U018214,P00111,APP商城,江西省,南昌市,1,-6652.39,722.80,5929.59,已退款,支付宝
SO20260601000001,2026/06/01 11:55,U018214,P00093,APP商城,江西省,南昌市,1,395.84,84.51,311.33,已退款,支付宝
SO20260601000002,2026-06-01 16:45:20,U039840,P00095,APP商城,,成都市,1,543.32,83.15,460.17,已完成,支付宝
SO20260601000002,2026-06-01 16:45:20,U039840,P00117,APP商城,四川省,成都市,2,112.18,20.99,203.37,已完成,支付宝
SO20260601000002,2026-06-01 16:45:20,U039840,P00192,APP商城,四川省,成都市,1,2345.34,132.31,2213.03,已完成,支付宝
SO20260601000003,2026-06-01 19:20:42,U022396,P00015,京东自营,湖南省,长沙市,1,8012.96,0.00,8012.96,已完成,货到付款
SO20260601000003,2026-06-01 19:20:42,U022396,P00159,京东自营,湖南省,长沙市,1,8027.98,0.00,8027.98,已完成,货到付款
SO20260601000004,2026-06-01 14:05:44,U045891,P00024,天猫旗舰店,江苏省,无锡市,1,105.00,16.85,88.15,已完成,支付宝
SO20260601000004,2026-06-01 14:05:44,U045891,P00128,天猫旗舰店,江苏省,无锡市,1,1129.93,0.00,1129.93,已完成,支付宝
SO20260601000005,2026-06-01 18:22:30,U043017,P00196,天猫旗舰店,黑龙江省,哈尔滨市,3,146.80,0.00,440.40,已完成,微信支付
SO20260601000005,2026-06-01 18:22:30,U043017,P00068,天猫旗舰店,黑龙江省,哈尔滨市,1,77.87,0.00,77.87,已完成,微信支付
SO20260601000006,2026-06-01 17:16:11,U018548,P00001,APP商城,湖北省,宜昌市,1,6023.29,1184.04,4839.25,已完成,微信支付
SO20260601000007,2026-06-01 13:43:12,U059998,P00022,微信小程序,河北省,保定市,1,158.08,0.00,158.08,已完成,支付宝
SO20260601000007,2026-06-01 13:43:12,U059998,P00081,微信小程序,河北省,保定市,1,1317.93,309.53,1008.40,已完成,支付宝
SO20260601000007,2026-06-01 13:43:12,U059998,P00029,微信小程序,河北省,保定市,2,3057.45,0.00,6114.90,已完成,支付宝
SO20260601000008,2026-06-01 19:36:02,U051743,P00035,APP商城,福建省,泉州市,1,1301.89,237.45,1064.44,已支付,银行卡
SO20260601000009,2026-06-01 14:06:57,U038518,P00147,APP商城,陕西省,咸阳市,1,245.59,0.00,245.59,已完成,微信支付
SO20260601000009,2026-06-01 14:06:57,U038518,P00152,APP商城,陕西省,咸阳市,1,143.27,0.00,143.27,已完成,微信支付
SO20260601000010,2026-06-01 12:14:56,U047670,P00035,APP商城,北京市,北京市,1,6666.49,503.76,6162.73,已完成,支付宝
SO20260601000010,2026-06-01 12:14:56,U047670,P00091,APP商城,北京市,北京市,1,847.66,0.00,847.66,已完成,支付宝
SO20260601000011,2026/06/01 20:58,U034087,P00024,微信小程序,湖南省,湘潭市,1,1055.19,0.00,1055.19,待付款,微信支付
SO20260601000012,2026-06-01 09:30:24,U049223,P00188,京东自营,河南省,郑州市,1,216.19,0.00,216.19,已完成,支付宝
SO20260601000013,2026-06-01 18:34:08,U058277,P00024,APP商城,重庆市,重庆市,1,253.51,0.00,253.51,待付款,支付宝
SO20260601000013,2026-06-01 18:34:08,U058277,P00175,APP商城,重庆市,重庆市,1,266.41,58.88,207.53,待付款,支付宝
SO20260601000014,2026-06-01 14:07:34,U035896,P00087,APP商城,广东省,深圳市,1,440.69,32.87,407.82,已退款,支付宝
SO20260601000014,2026-06-01T14:07:34,U035896,P00164,APP商城,广东省,深圳市,1,3853.41,0.00,3853.41,已退款,支付宝
SO20260601000015,2026-06-01 18:13:27,U020551,P00078,天猫旗舰店,广东省,东莞市,1,1424.49,109.22,1315.27,待付款,微信支付
SO20260601000015,2026-06-01 18:13:27,U020551,P00184,天猫旗舰店,广东省,东莞市,1,339.26,58.44,280.82,待付款,微信支付
SO20260601000016,2026-06-01 13:39:28,U027239,P00027,PC商城,山东省,临沂市,1,888.56,0.00,888.56,已支付,支付宝
SO20260601000016,2026-06-01 13:39:28,U027239,P00091,PC商城,山东省,临沂市,1,313.24,0.00,313.24,已支付,支付宝
SO20260601000016,2026-06-01 13:39:28,U027239,P00052,PC商城,山东省,临沂市,1,2492.38,0.00,2492.38,已支付,支付宝
SO20260601000017,2026-06-01 16:09:39,U055070,P00131,PC商城,福建省,福州市,1,376.29,53.34,322.95,已完成,银行卡
SO20260601000017,2026-06-01 16:09:39,U055070,P00194,PC商城,福建省,福州市,3,97.22,0.00,291.66,已完成,银行卡
SO20260601000017,2026-06-01 16:09:39,U055070,P00166,PC商城,福建省,福州市,1,47.69,7.59,40.10,已完成,银行卡
SO20260601000018,2026-06-01 21:33:51,U044088,P00139,微信小程序,福建省,泉州市,1,86.23,20.76,65.47,待付款,微信支付
SO20260601000019,2026-06-01 10:43:34,U026348,P00106,天猫旗舰店,广东省,广州市,1,36.32,0.00,36.32,已完成,支付宝
SO20260601000019,2026-06-01 10:43:34,U026348,P00145,天猫旗舰店,广东省,广州市,1,91.34,10.41,80.93,已完成,支付宝
SO20260601000020,2026-06-01 08:32:57,U010540,P00089,微信小程序,四川省,德阳市,1,646.59,0.00,646.59,已完成,支付宝
SO20260601000020,2026-06-01 08:32:57,U010540,P00085,微信小程序,四川省,,1,3256.04,502.99,2753.05,已完成,支付宝
SO20260601000021,2026-06-01 20:51:59,U005452,P00035,微信小程序,广东省,广州市,1,788.52,0.00,788.52,已支付,银行卡
SO20260601000021,2026-06-01 20:51:59,U005452,P00090,微信小程序,广东省,广州市,1,214.32,0.00,214.32,已支付,银行卡
SO20260601000022,2026-06-01 16:01:30,U030428,P00067,微信小程序,湖北省,武汉市,1,5624.75,407.86,5216.89,已完成,支付宝
SO20260601000022,2026/06/01 16:01,U030428,P00025,微信小程序,湖北省,武汉市,1,6895.62,0.00,6895.62,已完成,支付宝
SO20260601000022,2026-06-01 16:01:30,U030428,P00090,微信小程序,湖北省,武汉市,1,4494.31,248.84,4245.47,已完成,支付宝
SO20260601000023,2026-06-01 09:29:01,U006739,P00025,京东自营,河北省,石家庄市,1,3593.21,345.67,3247.54,已完成,花呗
SO20260601000024,2026-06-01 12:47:36,U007855,P00164,APP商城,福建省,厦门市,4,2582.41,0.00,10329.64,已支付,支付宝
SO20260601000024,2026-06-01 12:47:36,U007855,P00168,APP商城,福建省,厦门市,1,357.76,70.46,287.30,已支付,支付宝
SO20260601000025,2026/06/01 20:55,U046806,P00111,APP商城,四川省,宜宾市,2,1500.04,0.00,3000.08,已完成,微信支付
SO20260601000026,2026-06-01 16:13:01,U042883,P00092,微信小程序,河南省,南阳市,1,487.31,73.51,413.80,已取消,支付宝
SO20260601000027,2026-06-01 22:19:00,U017883,P00188,APP商城,重庆市,重庆市,1,265.78,0.00,265.78,已完成,微信支付
SO20260601000027,2026/06/01 22:19,U017883,P00190,APP商城,重庆市,重庆市,1,6428.64,0.00,6428.64,已完成,微信支付
SO20260601000027,2026-06-01 22:19:00,U017883,P00099,APP商城,重庆市,重庆市,2,49.35,6.24,92.46,已完成,微信支付
SO20260601000028,2026/06/01 22:39,U011138,P00198,APP商城,北京市,北京市,1,190.73,45.07,145.66,已完成,支付宝
SO20260601000029,2026-06-01 17:09:54,U035325,P00118,APP商城,山东省,济南市,1,161.24,0.00,161.24,已支付,支付宝
SO20260601000029,2026-06-01 17:09:54,U035325,P00118,APP商城,山东省,济南市,1,161.24,0.00,161.24,已支付,支付宝
SO20260601000029,2026/06/01 17:09,U035325,P00151,APP商城,山东省,济南市,1,331.46,63.45,268.01,已支付,支付宝
SO20260601000029,2026-06-01 17:09:54,U035325,P00115,APP商城,山东省,济南市,1,809.42,61.84,747.58,已支付,支付宝
SO20260601000030,2026-06-01 19:24:54,U006025,P00138,APP商城,广东省,珠海市,1,4954.50,381.41,4573.09,已完成,微信支付
SO20260601000030,2026-06-01 19:24:54,U006025,P00151,APP商城,广东省,珠海市,1,819.85,148.19,671.66,已完成,微信支付
SO20260601000031,2026-06-01 20:48:56,U002760,P00152,APP商城,广东省,深圳市,1,88.47,0.00,88.47,已支付,微信支付
SO20260601000031,2026-06-01 20:48:56,U002760,P00018,APP商城,广东省,深圳市,2,4524.14,0.00,9048.28,已支付,微信支付
SO20260601000032,2026-06-01 10:33:45,U027012,P00084,APP商城,浙江省,金华市,2,3062.58,640.16,5485.00,已完成,支付宝
SO20260601000032,2026/06/01 10:33,U027012,P00089,APP商城,浙江省,金华市,1,6114.56,822.20,5292.36,已完成,支付宝
SO20260601000033,2026/06/01 15:16,U021808,P00024,APP商城,上海市,上海市,1,102.25,0.00,102.25,已完成,微信支付
SO20260601000034,2026-06-01 09:30:06,U029656,P00042,京东自营,北京市,北京市,1,4059.63,355.72,3703.91,已支付,花呗
SO20260601000034,2026-06-01 09:30:06,U029656,P00193,京东自营,北京市,北京市,1,1589.01,351.06,1237.95,已支付,花呗
SO20260601000035,2026-06-01 14:12:18,U045512,P00066,京东自营,湖北省,宜昌市,1,1434.91,0.00,1434.91,已完成,支付宝
SO20260601000035,2026-06-01 14:12:18,U045512,P00143,京东自营,湖北省,宜昌市,3,264.56,70.80,722.88,已完成,支付宝
SO20260601000036,2026-06-01 19:59:21,U009059,P00075,天猫旗舰店,湖南省,湘潭市,2,680.01,0.00,1360.02,已完成,支付宝
SO20260601000036,2026/06/01 19:59,U009059,P00184,天猫旗舰店,湖南省,湘潭市,1,4330.50,976.27,3354.23,已完成,支付宝
SO20260601000036,2026-06-01 19:59:21,U009059,P00076,天猫旗舰店,湖南省,湘潭市,1,469.10,58.23,410.87,已完成,支付宝
SO20260601000037,2026-06-01T18:03:52,U003982,P00092,微信小程序,江苏省,南京市,1,276.82,50.82,226.00,已完成,货到付款
SO20260601000038,2026-06-01 16:53:02,U011670,P00150,微信小程序,江苏省,苏州市,1,1013.43,0.00,1013.43,已支付,支付宝
SO20260601000039,2026-06-01 18:07:39,U015909,P00135,微信小程序,浙江省,杭州市,1,1211.48,0.00,1211.48,已支付,花呗
SO20260601000040,2026-06-01 20:39:41,U044486,P00112,京东自营,浙江省,宁波市,1,21.97,0.00,21.97,已完成,微信支付
SO20260601000040,2026-06-01 20:39:41,U044486,P00109,京东自营,浙江省,宁波市,1,3259.15,0.00,3259.15,已完成,微信支付
SO20260601000040,2026-06-01 20:39:41,U044486,P00157,京东自营,浙江省,宁波市,1,2159.42,529.51,1629.91,已完成,微信支付
SO20260601000041,2026-06-01 20:02:34,U000752,P00063,微信小程序,四川省,绵阳市,1,8168.50,0.00,8168.50,已支付,支付宝
SO20260601000042,2026-06-01 21:14:35,U014233,P00081,京东自营,北京市,北京市,2,1265.88,535.03,1996.73,已完成,银行卡
SO20260601000043,2026-06-01 13:28:28,U032268,P00167,APP商城,山东省,潍坊市,1,3134.86,254.75,2880.11,待付款,货到付款
SO20260601000043,2026-06-01 13:28:28,U032268,P00099,APP商城,山东省,潍坊市,2,844.90,0.00,1689.80,待付款,货到付款
SO20260601000043,2026-06-01 13:28:28,U032268,P00092,APP商城,山东省,潍坊市,1,4321.82,0.00,4321.82,待付款,货到付款
SO20260601000044,2026/06/01 16:44,U015296,P00066,APP商城,浙江省,杭州市,1,4830.64,0.00,4830.64,已完成,银行卡
SO20260601000045,2026-06-01 22:01:51,U001060,P00011,微信小程序,湖南省,湘潭市,1,237.27,49.48,187.79,已取消,支付宝
SO20260601000045,2026-06-01 22:01:51,U001060,P00033,微信小程序,湖南省,湘潭市,1,292.40,35.73,256.67,已取消,支付宝
SO20260601000045,2026-06-01 22:01:51,U001060,P00077,微信小程序,湖南省,湘潭市,1,248.72,0.00,248.72,已取消,支付宝
SO20260601000046,2026-06-01 22:50:11,U059091,P00106,APP商城,河南省,郑州市,1,361.77,73.03,288.74,已支付,微信支付
SO20260601000047,2026-06-01 19:14:24,U045953,P00064,微信小程序,安徽省,芜湖市,1,5824.63,0.00,5824.63,已支付,微信支付
SO20260601000047,2026-06-01 19:14:24,U045953,P00157,微信小程序,安徽省,芜湖市,1,5736.57,893.89,4842.68,已支付,微信支付
SO20260601000048,2026-06-01 21:20:41,U039234,P00033,APP商城,广东省,深圳市,1,184.41,21.82,162.59,已完成,支付宝
SO20260601000048,2026-06-01 21:20:41,U039234,P00024,APP商城,广东省,深圳市,1,2266.96,0.00,2266.96,已完成,支付宝
SO20260601000048,2026/06/01 21:20,U039234,P00049,APP商城,广东省,深圳市,2,2403.64,0.00,4807.28,已完成,支付宝
SO20260601000049,2026-06-01 00:08:07,U059194,P00122,APP商城,广东省,佛山市,1,330.39,18.32,312.07,已完成,
SO20260601000049,2026-06-01 00:08:07,U059194,P00137,APP商城,广东省,佛山市,2,669.11,0.00,1338.22,已完成,支付宝
SO20260601000050,2026-06-01 20:44:57,U043696,P00082,PC商城,河南省,南阳市,1,2120.14,0.00,2120.14,已完成,支付宝
SO20260601000051,2026-06-01 17:02:42,U026451,P00164,微信小程序,福建省,泉州市,1,4652.20,1027.33,3624.87,已完成,微信支付
SO20260601000051,2026-06-01 17:02:42,U026451,P00114,微信小程序,福建省,泉州市,1,643.36,0.00,643.36,已完成,微信支付
SO20260601000052,2026-06-01 12:52:12,U049883,P00081,京东自营,浙江省,温州市,1,2073.05,0.00,2073.05,已完成,微信支付
SO20260601000053,2026-06-01 09:29:13,U050652,P00153,微信小程序,河南省,郑州市,1,7993.16,522.16,7471.00,已完成,花呗
SO20260601000053,2026-06-01 09:29:13,U050652,P00052,微信小程序,河南省,郑州市,3,5360.52,0.00,16081.56,已完成,花呗
SO20260601000053,2026-06-01 09:29:13,U050652,P00178,微信小程序,河南省,郑州市,1,8032.85,0.00,8032.85,已完成,花呗
SO20260601000054,2026-06-01 15:28:11,U026681,P00062,APP商城,重庆市,重庆市,1,284.85,0.00,284.85,已完成,支付宝
SO20260601000054,2026-06-01 15:28:11,U026681,P00023,APP商城,重庆市,重庆市,2,3585.50,777.43,6393.57,已完成,支付宝
SO20260601000054,2026-06-01 15:28:11,U026681,P00175,APP商城,重庆市,重庆市,1,173.52,13.04,257.23,已完成,支付宝
SO20260601000055,2026-06-01 13:11:05,U006648,P00095,APP商城,上海市,上海市,1,3500.50,181.88,3318.62,已完成,支付宝
SO20260601000056,2026-06-01 17:32:17,U012287,P00169,微信小程序,河北省,保定市,1,516.17,0.00,516.17,已完成,支付宝
SO20260601000056,2026/06/01 17:32,U012287,P00161,微信小程序,河北省,保定市,2,1130.26,0.00,2260.52,已完成,支付宝
SO20260601000056,2026-06-01 17:32:17,U012287,P00191,微信小程序,河北省,保定市,1,120.63,0.00,120.63,已完成,支付宝
SO20260601000057,2026-06-01 09:57:16,U010260,P00051,京东自营,广东省,佛山市,1,353.40,0.00,353.40,已完成,微信支付
SO20260601000057,2026-06-01 09:57:16,U010260,P00066,京东自营,广东省,佛山市,1,1896.19,0.00,1896.19,已完成,微信支付
SO20260601000057,2026-06-01T09:57:16,U010260,P00181,京东自营,广东省,佛山市,1,2299.23,483.42,1815.81,已完成,微信支付
SO20260601000058,2026-06-01 14:45:10,U017081,P00168,PC商城,河北省,唐山市,1,8159.38,1125.40,7033.98,已完成,支付宝
SO20260601000058,2026/06/01 14:45,U017081,P00058,PC商城,河北省,唐山市,1,1285.84,0.00,1285.84,已完成,支付宝
SO20260601000059,2026-06-01 17:48:42,U047792,P00054,天猫旗舰店,浙江省,金华市,1,6131.25,349.35,5781.90,已完成,微信支付
SO20260601000059,2026-06-01 17:48:42,U047792,P00196,天猫旗舰店,浙江省,金华市,1,326.83,43.07,283.76,已完成,微信支付
SO20260601000060,2026/06/01 07:54,U021426,P00081,PC商城,安徽省,合肥市,1,217.73,0.00,217.73,已完成,微信支付
SO20260601000060,2026-06-01 07:54:42,U021426,P00113,PC商城,安徽省,合肥市,1,4663.39,898.21,3765.18,已完成,微信支付
SO20260601000061,2026/06/01 11:58,U055685,P00143,APP商城,四川省,成都市,1,222.01,0.00,222.01,已完成,微信支付
SO20260601000061,2026-06-01 11:58:18,U055685,P00023,APP商城,四川省,成都市,1,1879.42,0.00,1879.42,已完成,微信支付
SO20260601000062,2026-06-01T01:48:09,U052479,P00098,微信小程序,湖南省,湘潭市,1,861.09,210.10,650.99,已完成,货到付款
SO20260601000062,2026-06-01 01:48:09,U052479,P00088,微信小程序,湖南省,湘潭市,2,266.48,60.62,472.34,已完成,货到付款
SO20260601000063,2026-06-01 17:06:35,U030733,P00014,天猫旗舰店,云南省,昆明市,2,5810.31,0.00,11620.62,已完成,支付宝
SO20260601000063,2026-06-01 17:06:35,U030733,P00161,天猫旗舰店,云南省,昆明市,1,83.33,0.00,83.33,已完成,支付宝
SO20260601000064,2026-06-01 18:47:33,U048126,P00064,微信小程序,福建省,泉州市,2,283.34,44.57,522.11,已完成,支付宝
SO20260601000064,2026-06-01 18:47:33,U048126,P00050,微信小程序,福建省,泉州市,1,174.24,0.00,174.24,已完成,支付宝
SO20260601000065,2026-06-01 00:49:37,U037827,P00199,APP商城,广东省,佛山市,1,378.63,0.00,378.63,已完成,微信支付
SO20260601000066,2026-06-01T21:42:36,U057340,P00007,京东自营,四川省,绵阳市,4,994.19,0.00,3976.76,已完成,支付宝
SO20260601000067,2026-06-01 15:02:05,U015609,P00115,微信小程序,山东省,济南市,2,1010.37,155.99,1864.75,已取消,支付宝
SO20260601000067,2026-06-01 15:02:05,U015609,P00085,微信小程序,山东省,济南市,1,304.14,46.22,257.92,已取消,支付宝
SO20260601000067,2026-06-01 15:02:05,U015609,P00002,微信小程序,山东省,济南市,3,1768.68,884.83,4421.21,已取消,支付宝
SO20260601000068,2026-06-01 21:23:16,U049522,P00189,APP商城,河北省,唐山市,2,28.85,12.11,45.59,已完成,银行卡
SO20260601000069,2026-06-01 19:13:52,U056049,P00158,PC商城,河南省,南阳市,1,4625.79,0.00,4625.79,已完成,支付宝
SO20260601000069,2026-06-01 19:13:52,U056049,P00023,PC商城,河南省,南阳市,4,3347.43,1034.48,12355.24,已完成,支付宝
SO20260601000069,2026-06-01 19:13:52,U056049,P00074,PC商城,河南省,南阳市,3,263.00,0.00,789.00,已完成,支付宝
SO20260601000070,2026-06-01 20:30:50,U033244,P00182,微信小程序,安徽省,合肥市,2,215.71,52.40,379.02,已完成,花呗
SO20260601000070,2026-06-01 20:30:50,U033244,P00165,微信小程序,安徽省,合肥市,2,1115.37,0.00,2230.74,已完成,花呗
SO20260601000071,2026-06-01 23:38:12,U012217,P00099,APP商城,陕西省,西安市,1,941.46,102.00,839.46,已完成,微信支付
SO20260601000071,2026-06-01 23:38:12,U012217,P00086,APP商城,陕西省,西安市,5,1259.81,843.10,5455.95,已完成,微信支付
SO20260601000072,2026-06-01 08:04:42,U041872,P00187,APP商城,浙江省,宁波市,1,640.28,137.29,502.99,已完成,花呗
SO20260601000072,2026-06-01T08:04:42,U041872,P00060,APP商城,浙江省,宁波市,3,8127.73,3655.88,20727.31,已完成,花呗
SO20260601000072,2026-06-01 08:04:42,U041872,P00090,APP商城,浙江省,宁波市,1,234.75,53.43,181.32,已完成,花呗
SO20260601000073,2026-06-01 21:03:22,U050625,P00012,天猫旗舰店,湖南省,湘潭市,2,283.96,75.41,492.51,已完成,货到付款
SO20260601000073,2026/06/01 21:03,U050625,P00193,天猫旗舰店,湖南省,湘潭市,2,848.66,0.00,1697.32,已完成,货到付款
SO20260601000074,2026-06-01 06:47:20,U041422,P00055,微信小程序,广东省,佛山市,1,1196.91,0.00,1196.91,已完成,微信支付
SO20260601000074,0000-00-00 00:00:00,U041422,P00015,微信小程序,广东省,佛山市,2,6198.37,0.00,12396.74,已完成,微信支付
SO20260601000075,2026-06-01T00:47:24,U043880,P00126,京东自营,湖南省,长沙市,1,338.09,38.05,300.04,已支付,微信支付
SO20260601000075,2026-06-01 00:47:24,U043880,P00067,京东自营,湖南省,长沙市,1,224.98,0.00,224.98,已支付,微信支付
SO20260601000075,2026-06-01 00:47:24,U043880,P00159,京东自营,湖南省,长沙市,2,1480.60,354.33,2606.87,已支付,微信支付
SO20260601000076,2026-06-01 06:05:38,U051756,P00047,APP商城,云南省,昆明市,2,39.13,0.00,78.26,已支付,微信支付
SO20260601000076,2026/06/01 06:05,U051756,P00041,APP商城,云南省,昆明市,1,139.20,0.00,139.20,已支付,微信支付
SO20260601000076,2026-06-01 06:05:38,U051756,P00059,APP商城,云南省,昆明市,1,83.64,17.33,66.31,已支付,微信支付
SO20260601000077,2026/06/01 15:51,U016115,P00160,天猫旗舰店,福建省,福州市,3,1102.53,759.86,2547.73,待付款,微信支付
SO20260601000077,2026-06-01 15:51:37,U016115,P00078,天猫旗舰店,福建省,福州市,2,5291.52,0.00,10583.04,待付款,微信支付
SO20260601000078,2026/06/01 07:51,U012961,P00184,APP商城,山东省,潍坊市,1,2794.51,0.00,2794.51,待付款,支付宝
SO20260601000078,2026-06-01 07:51:50,U012961,P00045,APP商城,山东省,潍坊市,1,1190.86,0.00,1190.86,待付款,支付宝
SO20260601000078,2026-06-01 07:51:50,U012961,P00179,APP商城,山东省,潍坊市,1,1222.26,295.18,927.08,待付款,支付宝
SO20260601000079,2026-06-01 13:31:14,U025421,P00192,天猫旗舰店,上海市,上海市,2,1179.10,0.00,2358.20,已完成,支付宝
SO20260601000080,2026-06-01 18:43:20,U024430,P00025,APP商城,浙江省,金华市,1,8699.93,0.00,8699.93,已完成,微信支付
SO20260601000080,2026-06-01 18:43:20,U024430,P00191,APP商城,浙江省,金华市,1,576.42,0.00,880.16,已完成,微信支付
SO20260601000080,2026/06/01 18:43,U024430,P00002,APP商城,浙江省,金华市,2,5481.35,592.60,10370.10,已完成,微信支付
SO20260601000081,2026-06-01T01:48:43,U059875,P00183,APP商城,重庆市,重庆市,2,765.83,0.00,1531.66,已完成,货到付款
SO20260601000081,2026-06-01 01:48:43,U059875,P00018,APP商城,重庆市,重庆市,2,852.58,0.00,1705.16,已完成,货到付款
SO20260601000082,2026-06-01 17:37:37,U047726,P00111,微信小程序,北京市,,1,218.15,0.00,218.15,已完成,银行卡
SO20260601000082,2026-06-01 17:37:37,U047726,P00013,微信小程序,北京市,北京市,1,2413.01,0.00,2413.01,已完成,银行卡
SO20260601000083,2026-06-01 21:57:04,U041201,P00072,APP商城,广东省,东莞市,2,4434.87,561.79,8307.95,已支付,银行卡
SO20260601000083,2026/06/01 21:57,U041201,P00195,APP商城,广东省,东莞市,1,185.63,42.91,142.72,已支付,银行卡
SO20260601000084,2026-06-01 17:18:07,U001463,P00178,天猫旗舰店,浙江省,宁波市,1,1597.81,0.00,1597.81,已完成,微信支付
SO20260601000085,2026-06-01 15:14:46,U053527,P00009,微信小程序,四川省,宜宾市,1,1878.35,0.00,1878.35,已完成,微信支付
SO20260601000086,2026-06-01 07:03:54,U006547,P00186,微信小程序,江苏省,南京市,1,313.52,28.44,285.08,已完成,支付宝
SO20260601000087,2026-06-01 13:16:39,U029440,P00049,APP商城,,唐山市,1,4823.16,0.00,4823.16,已完成,微信支付
SO20260601000087,2026-06-01 13:16:39,U029440,P00004,APP商城,河北省,唐山市,1,1078.07,131.04,947.03,已完成,微信支付
SO20260601000088,2026-06-01 09:24:54,U055374,P00034,APP商城,福建省,福州市,1,6947.31,0.00,6947.31,已取消,支付宝
SO20260601000088,2026/06/01 09:24,U055374,P00190,APP商城,福建省,,1,5669.31,1001.70,4667.61,已取消,支付宝
SO20260601000089,2026/06/01 14:24,U038347,P00126,天猫旗舰店,上海市,上海市,1,125.44,7.32,118.12,已完成,支付宝
SO20260601000090,2026-06-01 08:57:50,U042733,P00065,微信小程序,浙江省,金华市,2,578.07,284.33,871.81,已支付,微信支付
SO20260601000091,2026-06-01 12:35:56,U059524,P00022,天猫旗舰店,广东省,广州市,2,7017.87,0.00,14035.74,待付款,支付宝
SO20260601000092,2026/06/01 23:22,U049838,P00036,京东自营,山东省,济南市,3,1068.05,341.04,2863.11,待付款,微信支付
SO20260601000092,2026-06-01 23:22:00,U049838,P00049,京东自营,山东省,济南市,1,872.32,0.00,872.32,待付款,微信支付
SO20260601000092,2026-06-01 23:22:00,U049838,P00167,京东自营,山东省,济南市,1,8387.50,0.00,8387.50,待付款,微信支付
SO20260601000093,2026-06-01 22:41:24,U030772,P00156,APP商城,浙江省,嘉兴市,1,699.23,0.00,699.23,已支付,支付宝
SO20260601000094,2026-06-01 09:45:59,U018231,P00077,微信小程序,河南省,洛阳市,1,458.06,85.65,372.41,已完成,花呗
SO20260601000094,2026-06-01 09:45:59,U018231,P00072,微信小程序,河南省,洛阳市,5,203.73,129.00,889.65,已完成,花呗
SO20260601000095,2026-06-01 11:14:53,U004398,P00072,PC商城,黑龙江省,哈尔滨市,1,306.94,0.00,306.94,已完成,微信支付
SO20260601000096,2026-06-01 11:26:56,U004283,P00055,天猫旗舰店,广东省,深圳市,1,98.76,0.00,98.76,已完成,支付宝
SO20260601000097,2026-06-01 19:50:07,U037856,P00063,PC商城,广东省,珠海市,1,138.69,0.00,138.69,已完成,支付宝
SO20260601000098,2026-06-01 14:18:02,U037854,P00106,APP商城,浙江省,宁波市,1,1358.86,0.00,1358.86,待付款,微信支付
SO20260601000098,2026/06/01 14:18,U037854,P00056,APP商城,浙江省,宁波市,1,63.84,8.68,55.16,待付款,微信支付
SO20260601000098,2026-06-01 14:18:02,U037854,P00093,APP商城,浙江省,宁波市,1,1067.27,0.00,1067.27,待付款,微信支付
SO20260601000099,2026-06-01 11:47:44,U029023,P00079,天猫旗舰店,北京市,北京市,1,1410.85,0.00,1410.85,已支付,支付宝
SO20260601000099,2026-06-01 11:47:44,U029023,P00060,天猫旗舰店,北京市,,1,978.88,0.00,978.88,已支付,支付宝
SO20260601000099,2026-06-01 11:47:44,U029023,P00068,天猫旗舰店,北京市,北京市,2,265.08,35.64,494.52,已支付,支付宝
SO20260601000100,2026/06/01 09:32,U053899,P00105,微信小程序,江西省,赣州市,3,6398.97,1086.91,18110.00,已完成,支付宝
SO20260601000100,2026-06-01 09:32:50,U053899,P00080,微信小程序,江西省,赣州市,1,3704.63,0.00,3704.63,已完成,支付宝
SO20260601000101,2026-06-31 10:00:00,U011270,P00027,微信小程序,,南京市,1,4099.85,752.28,3347.57,已支付,微信支付
SO20260601000102,2026-06-01 08:14:10,U004426,P00090,天猫旗舰店,江苏省,南通市,1,758.51,0.00,758.51,已完成,支付宝
SO20260601000103,2026-06-01 08:48:53,U033315,P00186,APP商城,广东省,佛山市,1,654.40,0.00,654.40,已支付,
SO20260601000103,2026-06-01 08:48:53,U033315,P00116,APP商城,广东省,佛山市,1,757.54,0.00,757.54,已支付,微信支付
SO20260601000104,2026-06-01 11:56:28,U008785,P00173,APP商城,江苏省,苏州市,1,2454.32,0.00,2454.32,已完成,银行卡
SO20260601000105,2026-06-01 09:38:54,U016056,P00135,天猫旗舰店,广东省,东莞市,1,107.54,0.00,107.54,已支付,微信支付
SO20260601000105,2026-06-01 09:38:54,U016056,P00023,天猫旗舰店,广东省,东莞市,1,296.65,39.58,257.07,已支付,微信支付
SO20260601000106,2026-06-01 14:00:02,U004135,P00077,天猫旗舰店,辽宁省,沈阳市,2,1281.36,508.51,2054.21,已完成,微信支付
SO20260601000106,2026-06-01 14:00:02,U004135,P00164,天猫旗舰店,辽宁省,沈阳市,2,257.25,0.00,514.50,已完成,微信支付
SO20260601000107,2026/06/01 18:19,U034256,P00018,APP商城,安徽省,芜湖市,2,422.78,0.00,845.56,已完成,微信支付
SO20260601000107,2026-06-01 18:19:15,U034256,P00031,APP商城,安徽省,芜湖市,1,3289.25,0.00,3289.25,已完成,微信支付
SO20260601000108,2026-06-01 09:00:54,U002223,P00099,微信小程序,上海市,上海市,1,267.82,0.00,267.82,已退款,银行卡
SO20260601000109,2026-06-01 20:19:53,U006636,P00109,PC商城,黑龙江省,哈尔滨市,1,5188.37,498.05,4690.32,已支付,微信支付
SO20260601000110,2026-06-01 15:27:49,U053099,P00008,京东自营,黑龙江省,哈尔滨市,4,699.67,0.00,2798.68,待付款,微信支付
SO20260601000111,2026-06-01 14:39:51,U021405,P00135,APP商城,浙江省,金华市,1,198.02,25.77,172.25,已支付,支付宝
SO20260601000111,2026-06-01 14:39:51,U021405,P00020,APP商城,浙江省,金华市,1,1355.42,0.00,1355.42,已支付,支付宝
SO20260601000112,2026-06-01 09:53:25,U048741,P00029,京东自营,湖北省,武汉市,2,4600.01,2145.64,7054.38,已完成,支付宝
SO20260601000112,2026-06-01 09:53:25,U048741,P00132,京东自营,湖北省,武汉市,2,370.78,0.00,741.56,已完成,支付宝
SO20260601000113,2026-06-01 14:22:04,U022196,P00110,PC商城,上海市,上海市,1,103.96,12.00,91.96,已取消,支付宝
SO20260601000114,2026-06-01 12:26:17,U019743,P00179,京东自营,四川省,宜宾市,1,4730.16,364.57,4365.59,已完成,微信支付
SO20260601000115,2026/06/01 16:50,U052586,P00071,APP商城,上海市,上海市,1,2783.92,0.00,2783.92,已完成,银行卡
SO20260601000116,2026-06-01 21:46:50,U038878,P00069,PC商城,广东省,珠海市,1,94.11,21.86,72.25,已支付,支付宝
SO20260601000117,2026-06-01 09:04:34,U020568,P00076,微信小程序,广东省,佛山市,1,776.26,0.00,776.26,已支付,支付宝
SO20260601000117,2026-06-01 09:04:34,U020568,P00189,微信小程序,广东省,佛山市,1,7107.10,0.00,7107.10,已支付,
SO20260601000117,2026-06-01 09:04:34,U020568,P00120,微信小程序,广东省,佛山市,3,182.69,91.79,456.28,已支付,支付宝
SO20260601000118,2026-06-01 14:27:29,U012063,P00040,PC商城,安徽省,芜湖市,1,2994.46,0.00,2994.46,已支付,花呗
SO20260601000119,2026-06-01 16:58:58,U028041,P00132,PC商城,湖北省,武汉市,1,1734.83,0.00,1734.83,已支付,银行卡
SO20260601000120,2026-06-01 16:12:19,U013313,P00107,京东自营,江苏省,无锡市,1,384.75,0.00,384.75,已完成,支付宝
SO20260601000121,2026-06-01 20:42:24,U058296,P00177,天猫旗舰店,上海市,上海市,1,92.77,20.27,72.50,已完成,支付宝
SO20260601000121,2026/06/01 20:42,U058296,P00149,天猫旗舰店,上海市,上海市,1,5090.37,880.42,4209.95,已完成,支付宝
SO20260601000122,2026-06-01 18:14:18,U047732,P00159,微信小程序,湖北省,宜昌市,1,221.77,0.00,221.77,已完成,微信支付
SO20260601000122,2026-06-01 18:14:18,U047732,P00025,微信小程序,湖北省,宜昌市,1,2917.35,0.00,2917.35,已完成,微信支付
SO20260601000123,2026-06-01 12:36:35,U027201,P00102,PC商城,四川省,德阳市,2,2588.04,0.00,8327.00,待付款,
SO20260601000123,2026/06/01 12:36,U027201,P00199,PC商城,四川省,德阳市,1,3502.68,763.05,2739.63,待付款,微信支付
SO20260601000124,2026-06-01 08:21:41,U026045,P00122,微信小程序,广东省,佛山市,5,633.91,0.00,3169.55,已完成,银行卡
SO20260601000125,2026-06-01 13:59:57,U055418,P00159,APP商城,山东省,烟台市,1,1809.80,271.04,1538.76,已完成,微信支付
SO20260601000125,2026-06-01 13:59:57,U055418,P00077,APP商城,山东省,烟台市,0,5968.02,0.00,11936.04,已完成,微信支付
SO20260601000126,2026-06-01 13:10:43,U059136,P00076,天猫旗舰店,山西省,太原市,1,2600.89,219.55,2381.34,已支付,银行卡
SO20260601000127,2026-06-01 12:59:18,U036571,P00148,PC商城,云南省,昆明市,3,254.10,153.49,608.81,待付款,银行卡
SO20260601000128,2026-06-01 21:09:05,U011209,P00036,APP商城,北京市,北京市,1,2772.80,201.34,2571.46,已支付,支付宝
SO20260601000129,2026-06-01 15:20:30,U002863,P00075,APP商城,江西省,南昌市,1,1554.62,0.00,1554.62,已完成,微信支付
SO20260601000129,2026-06-01 15:20:30,U002863,P00033,APP商城,江西省,南昌市,4,1641.55,955.91,5610.29,已完成,微信支付
SO20260601000130,2026-06-01 10:15:35,U008923,P00184,APP商城,北京市,北京市,1,394.65,0.00,394.65,已完成,支付宝
SO20260601000130,2026-06-01 10:15:35,U008923,P00034,APP商城,北京市,北京市,1,234.48,50.90,183.58,已完成,支付宝
SO20260601000130,2026-06-01 10:15:35,U008923,P00028,APP商城,北京市,北京市,1,4039.16,0.00,4039.16,已完成,支付宝
SO20260601000131,2026-06-01 18:26:18,U034346,P00039,京东自营,上海市,上海市,1,169.66,0.00,169.66,已完成,银行卡
SO20260601000132,2026/06/01 10:10,U000839,P00100,APP商城,山东省,临沂市,5,556.55,0.00,2782.75,已完成,微信支付
SO20260601000132,2026-06-01 10:10:05,U000839,P00165,APP商城,山东省,临沂市,1,500.11,73.84,426.27,已完成,微信支付
SO20260601000133,2026-06-01 11:33:05,U015498,P00117,PC商城,四川省,德阳市,1,3498.44,0.00,3498.44,已完成,支付宝
SO20260601000134,2026-06-01 10:04:23,U014578,P00161,微信小程序,四川省,德阳市,0,1271.76,0.00,1271.76,已完成,支付宝
SO20260601000134,2026-06-01 10:04:23,U014578,P00194,微信小程序,四川省,德阳市,1,34.59,8.33,26.26,已完成,支付宝
SO20260601000134,2026/06/01 10:04,U014578,P00086,微信小程序,四川省,德阳市,1,32.11,6.05,26.06,已完成,支付宝
SO20260601000135,2026-06-31 10:00:00,U020567,P00176,京东自营,辽宁省,沈阳市,2,377.66,81.60,673.72,已完成,支付宝
SO20260601000135,2026-06-01 10:40:32,U020567,P00137,京东自营,辽宁省,沈阳市,1,165.47,38.29,127.18,已完成,
SO20260601000135,2026-06-01 10:40:32,U020567,P00158,京东自营,辽宁省,沈阳市,1,190.37,0.00,190.37,已完成,支付宝
SO20260601000135,2026-06-01 10:40:32,U020567,P00158,京东自营,辽宁省,沈阳市,1,190.37,0.00,190.37,已完成,支付宝
SO20260601000136,2026-06-01T03:53:09,U040047,P00129,APP商城,河北省,保定市,1,5022.62,0.00,5022.62,已支付,微信支付
SO20260601000136,2026-06-01 03:53:09,U040047,P00181,APP商城,河北省,保定市,1,934.68,0.00,934.68,已支付,微信支付
SO20260601000137,2026-06-01 13:24:51,U033339,P00072,APP商城,福建省,泉州市,1,10.84,1.88,8.96,已完成,微信支付
SO20260601000138,2026-06-01 14:53:58,U059457,P00098,微信小程序,湖北省,武汉市,2,6635.21,1454.21,11816.21,已支付,微信支付
SO20260601000138,2026/06/01 14:53,U059457,P00153,微信小程序,湖北省,武汉市,2,76.38,0.00,152.76,已支付,微信支付
SO20260601000138,2026-06-01 14:53:58,U059457,P00060,微信小程序,湖北省,武汉市,1,239.46,0.00,239.46,已支付,微信支付
SO20260601000139,2026-06-01 21:21:08,U019292,P00007,京东自营,浙江省,杭州市,1,247.70,0.00,247.70,已退款,支付宝
SO20260601000139,2026-06-01 21:21:08,U019292,P00120,京东自营,浙江省,杭州市,1,465.82,0.00,465.82,已退款,支付宝
SO20260601000140,2026-06-01 20:42:57,U058604,P00099,微信小程序,辽宁省,大连市,1,1452.18,0.00,1452.18,已取消,货到付款
SO20260601000141,2026-06-01 22:17:26,U023836,P00075,微信小程序,上海市,上海市,1,729.24,0.00,729.24,已完成,支付宝
SO20260601000142,2026-06-01 20:47:18,U047559,P00118,微信小程序,湖南省,湘潭市,1,896.62,0.00,896.62,已支付,支付宝
SO20260601000142,2026-06-01 20:47:18,U047559,P00179,微信小程序,湖南省,湘潭市,1,226.73,0.00,226.73,已支付,支付宝
SO20260601000142,2026-06-01 20:47:18,U047559,P00072,微信小程序,湖南省,湘潭市,1,156.25,30.52,125.73,已支付,支付宝
SO20260601000143,2026-06-01 18:15:25,U039328,P00088,APP商城,安徽省,芜湖市,1,1120.18,79.80,1040.38,已支付,支付宝
SO20260601000143,2026-06-01 18:15:25,U039328,P00127,APP商城,安徽省,芜湖市,1,684.26,167.86,516.40,已支付,支付宝
SO20260601000144,2026-06-01 19:40:40,U051916,P00053,APP商城,辽宁省,大连市,1,2171.65,0.00,2171.65,已完成,微信支付
SO20260601000145,2026-06-01 11:54:38,U051121,P00131,APP商城,辽宁省,沈阳市,2,175.92,0.00,351.84,已完成,支付宝
SO20260601000145,2026-06-01 11:54:38,U051121,P00137,APP商城,辽宁省,沈阳市,2,1240.24,395.18,2085.30,已完成,支付宝
SO20260601000146,2026-06-01 14:35:47,U026911,P00165,PC商城,上海市,上海市,1,8572.74,0.00,8572.74,已退款,支付宝
SO20260601000147,2026-06-01 19:10:19,U029062,P00068,微信小程序,四川省,德阳市,1,2385.55,0.00,2385.55,已支付,微信支付
SO20260601000147,2026-06-01 19:10:19,U029062,P00186,微信小程序,四川省,德阳市,1,2166.95,0.00,2166.95,已支付,微信支付
SO20260601000147,2026-06-01 19:10:19,U029062,P00122,微信小程序,四川省,德阳市,2,170.81,0.00,341.62,已支付,微信支付
SO20260601000148,2026-06-01 20:55:58,U055272,P00002,APP商城,广东省,佛山市,2,752.06,365.91,1138.21,已完成,支付宝
SO20260601000148,2026-06-01 20:55:58,U055272,P00158,APP商城,广东省,佛山市,1,87.40,0.00,87.40,已完成,支付宝
SO20260601000148,2026-06-01 20:55:58,U055272,P00001,APP商城,广东省,佛山市,1,351.38,0.00,351.38,已完成,支付宝
SO20260601000149,2026-06-01 15:37:47,U051522,P00148,微信小程序,山东省,青岛市,1,5580.39,602.81,4977.58,已完成,支付宝
SO20260601000149,2026-06-01 15:37:47,U051522,P00096,微信小程序,山东省,青岛市,1,936.09,0.00,936.09,已完成,支付宝
SO20260601000149,2026-06-01 15:37:47,U051522,P00099,微信小程序,山东省,青岛市,1,1136.53,124.26,1012.27,已完成,支付宝
SO20260601000149,2026-06-01 15:37:47,U051522,P00099,微信小程序,山东省,青岛市,1,1136.53,124.26,1012.27,已完成,支付宝
SO20260601000150,2026-06-01 13:06:25,U039101,P00043,天猫旗舰店,广东省,东莞市,1,712.03,0.00,712.03,已支付,银行卡
SO20260601000150,2026-06-01 13:06:25,U039101,P00171,天猫旗舰店,广东省,东莞市,1,5958.94,1250.05,4708.89,已支付,银行卡
SO20260601000150,2026-06-01 13:06:25,U039101,P00189,天猫旗舰店,广东省,东莞市,1,221.01,0.00,221.01,已支付,银行卡
SO20260601000151,2026-06-01 08:19:35,U054151,P00076,APP商城,河南省,南阳市,1,1200.19,0.00,1200.19,已完成,微信支付
SO20260601000151,2026-06-01 08:19:35,U054151,P00070,APP商城,河南省,南阳市,-1,396.77,0.00,396.77,已完成,微信支付
SO20260601000151,2026-06-01 08:19:35,U054151,P00082,APP商城,河南省,南阳市,3,175.99,101.99,425.98,已完成,微信支付
SO20260601000152,2026/06/01 17:55,U001962,P00039,APP商城,四川省,绵阳市,1,1695.87,101.82,2178.92,已完成,银行卡
SO20260601000152,2026-06-01 17:55:25,U001962,P00174,APP商城,四川省,绵阳市,1,71.27,0.00,71.27,已妥投,银行卡
SO20260601000153,2026-06-01 21:48:04,U052755,P00105,微信小程序,北京市,北京市,1,1056.96,165.22,891.74,已取消,微信支付
SO20260601000154,2026-06-01 16:23:03,U018753,P00054,微信小程序,湖南省,株洲市,4,713.13,0.00,2852.52,已完成,支付宝
SO20260601000154,2026-06-01 16:23:03,U018753,P00050,微信小程序,湖南省,株洲市,1,281.30,52.66,228.64,已完成,支付宝
SO20260601000155,2026-06-01 18:47:14,U052615,P00001,京东自营,河南省,郑州市,1,1484.95,0.00,1484.95,已取消,银行卡
SO20260601000155,2026-06-01 18:47:14,U052615,P00118,京东自营,河南省,郑州市,2,600.00,0.00,1200.00,已取消,银行卡
SO20260601000156,2026-06-01 04:11:02,U032616,P00192,APP商城,广东省,广州市,4,6912.55,6808.85,20841.35,已退款,支付宝
SO20260601000156,2026-06-01 04:11:02,U032616,P00050,APP商城,广东省,广州市,1,657.91,0.00,657.91,已退款,支付宝
SO20260601000156,2026-06-01 04:11:02,U032616,P00065,APP商城,广东省,广州市,2,190.79,44.48,337.10,已退款,支付宝
SO20260601000157,2026-06-01 12:22:29,U044693,P00118,PC商城,云南省,昆明市,1,1712.95,151.04,1561.91,已完成,花呗
SO20260601000157,2026-06-01 12:22:29,U044693,P00143,PC商城,云南省,昆明市,2,4335.94,0.00,8671.88,已完成,花呗
SO20260601000158,2026/06/01 19:37,U016722,P00156,天猫旗舰店,江苏省,苏州市,1,674.61,0.00,674.61,已完成,微信支付
SO20260601000158,2026-06-01 19:37:08,U016722,P00141,天猫旗舰店,江苏省,苏州市,2,1336.68,206.25,2467.11,已完成,微信支付
SO20260601000159,2026-06-01 02:38:17,U046147,P00118,京东自营,陕西省,咸阳市,1,625.41,91.03,534.38,已完成,银行卡
SO20260601000160,2026-06-01 15:39:38,U009780,P00037,APP商城,广东省,东莞市,1,398.58,0.00,398.58,已完成,微信支付
SO20260601000161,2026-06-01 18:18:21,U024810,P00084,微信小程序,河北省,保定市,1,3917.08,0.00,3917.08,已完成,微信支付
SO20260601000162,2026-06-01 19:44:16,U007512,P00196,天猫旗舰店,湖北省,,1,2856.30,493.24,2363.06,已完成,支付宝
SO20260601000163,2026/06/01 11:18,U049539,P00123,京东自营,山东省,烟台市,2,707.04,98.90,1315.18,已支付,银行卡
SO20260601000163,2026-06-01 11:18:30,U049539,P00082,京东自营,山东省,烟台市,1,1255.63,0.00,1255.63,已支付,银行卡
SO20260601000163,2026-06-01 11:18:30,U049539,P00096,京东自营,山东省,烟台市,2,82.14,26.23,138.05,已支付,银行卡
SO20260601000164,2026-06-01 21:15:43,U056092,P00063,微信小程序,北京市,北京市,1,2371.89,0.00,2371.89,已完成,支付宝
SO20260601000164,2026-06-01 21:15:43,U056092,P00151,微信小程序,北京市,北京市,2,4806.25,801.34,8811.16,已完成,支付宝
SO20260601000164,2026-06-01 21:15:43,U056092,P00036,微信小程序,北京市,北京市,2,1422.31,0.00,2844.62,已完成,支付宝
SO20260601000165,2026-06-01 17:18:12,U036398,P00107,微信小程序,北京市,北京市,2,487.54,110.16,864.92,已退款,支付宝
SO20260601000166,2026/06/01 13:08,U033089,P00018,APP商城,重庆市,重庆市,2,114.20,0.00,228.40,已完成,支付宝
SO20260601000166,2026-06-01 13:08:50,U033089,P00177,APP商城,重庆市,重庆市,2,1549.42,0.00,3098.84,已完成,支付宝
SO20260601000167,2026-06-01 17:24:19,U049080,P00035,APP商城,北京市,北京市,2,86.60,0.00,173.20,已支付,微信支付
SO20260601000167,2026-06-01 17:24:19,U049080,P00094,APP商城,北京市,北京市,1,190.27,0.00,190.27,已支付,微信支付
SO20260601000168,2026-06-01 21:16:43,U021110,P00009,APP商城,广东省,东莞市,1,5952.20,0.00,5952.20,已支付,微信支付
SO20260601000168,2026-06-01 21:16:43,U021110,P00152,APP商城,广东省,东莞市,1,995.47,0.00,995.47,已支付,微信支付
SO20260601000168,2026-06-01 21:16:43,U021110,P00028,APP商城,广东省,东莞市,1,799.25,0.00,799.25,已支付,微信支付
SO20260601000169,2026-06-01 18:18:17,U022241,P00144,APP商城,江西省,南昌市,1,806.83,109.25,697.58,已支付,支付宝
SO20260601000170,2026-06-01 18:43:33,U016693,P00069,天猫旗舰店,上海市,上海市,2,365.17,0.00,730.34,已完成,支付宝
SO20260601000170,2026-06-01 18:43:33,U016693,P00070,天猫旗舰店,上海市,上海市,4,268.90,112.33,963.27,已完成,支付宝
SO20260601000170,2026-06-01 18:43:33,U016693,P00093,天猫旗舰店,上海市,上海市,1,27.05,2.36,24.69,已完成,支付宝
SO20260601000171,2026/06/01 13:10,U032403,P00015,微信小程序,广东省,佛山市,4,1609.46,1345.08,5092.76,已支付,花呗
SO20260601000171,2026-06-01 13:10:19,U032403,P00187,微信小程序,广东省,佛山市,1,704.40,0.00,704.40,已支付,花呗
SO20260601000172,2026-06-01 17:23:23,U047988,P00041,APP商城,江苏省,苏州市,1,3783.42,0.00,3783.42,已支付,微信支付
SO20260601000172,2026-06-01 17:23:23,U047988,P00198,APP商城,江苏省,苏州市,1,434.40,0.00,434.40,已支付,微信支付
SO20260601000173,2026-06-01 20:07:04,U020144,P00170,APP商城,福建省,厦门市,1,419.58,46.29,373.29,已完成,支付宝
SO20260601000173,2026-06-01 20:07:04,U020144,P00047,APP商城,福建省,厦门市,1,8445.15,1233.26,7211.89,已完成,支付宝
SO20260601000174,2026-06-01 22:37:40,U042059,P00187,APP商城,辽宁省,沈阳市,1,1301.40,220.16,1081.24,已支付,微信支付
SO20260601000175,2026-06-01 22:40:04,U001094,P00161,PC商城,湖南省,湘潭市,2,567.24,246.54,887.94,已完成,支付宝
SO20260601000175,2026-06-01 22:40:04,U001094,P00103,PC商城,湖南省,湘潭市,1,850.29,61.84,788.45,已完成,支付宝
SO20260601000176,2026-06-01 18:03:31,U031356,P00196,京东自营,安徽省,合肥市,2,23.78,0.00,47.56,已支付,银行卡
SO20260601000176,2026-06-01 18:03:31,U031356,P00025,京东自营,安徽省,合肥市,1,451.95,39.00,412.95,已支付,银行卡
SO20260601000177,2026-06-01 20:14:42,U031078,P00185,PC商城,北京市,北京市,1,1080.28,0.00,1080.28,已完成,支付宝
SO20260601000177,2026/06/01 20:14,U031078,P00088,PC商城,北京市,北京市,1,4663.15,0.00,4663.15,已完成,支付宝
SO20260601000178,2026-06-01 15:08:08,U034975,P00145,微信小程序,江苏省,常州市,5,1586.37,1144.02,6787.83,已完成,支付宝
SO20260601000179,2026/06/01 13:50,U021498,P00146,京东自营,浙江省,杭州市,1,119.16,0.00,119.16,已退款,银行卡
SO20260601000179,2026-06-01 13:50:15,U021498,P00003,京东自营,浙江省,杭州市,5,8993.16,4447.54,40518.26,已退款,银行卡
SO20260601000180,2026-06-01 18:57:52,U007938,P00058,天猫旗舰店,河南省,新乡市,1,224.35,21.82,202.53,待付款,货到付款
SO20260601000181,2026-06-01 11:30:57,U022810,P00066,PC商城,浙江省,嘉兴市,2,298.05,0.00,596.10,已退款,支付宝
SO20260601000181,2026-06-01T11:30:57,U022810,P00142,PC商城,浙江省,嘉兴市,1,2155.11,192.89,1962.22,已退款,支付宝
SO20260601000181,2026-06-01 11:30:57,U022810,P00105,PC商城,浙江省,嘉兴市,2,3872.51,1752.21,5992.81,已退款,支付宝
SO20260601000182,2026-06-01 14:01:17,U054794,P00037,APP商城,北京市,北京市,4,5074.08,0.00,20296.32,已完成,支付宝
SO20260601000183,2026-06-01 13:07:41,U044902,P00096,天猫旗舰店,广东省,佛山市,1,248.45,44.24,204.21,已完成,货到付款
SO20260601000183,2026-06-01 13:07:41,U044902,P00054,天猫旗舰店,广东省,佛山市,1,2733.99,519.95,2214.04,已完成,货到付款
SO20260601000184,2026-06-01 19:10:45,U011212,P00043,APP商城,浙江省,温州市,1,2496.86,0.00,2496.86,已支付,货到付款
SO20260601000185,2026-06-01 07:25:29,U058930,P00005,PC商城,江苏省,苏州市,1,2726.34,0.00,2726.34,已支付,微信支付
SO20260601000186,2026-06-01 10:45:43,U013243,P00069,天猫旗舰店,北京市,北京市,1,7097.91,0.00,7097.91,已支付,货到付款
SO20260601000187,2026-06-01 15:50:42,U005768,P00082,APP商城,湖南省,株洲市,1,684.00,0.00,684.00,已完成,微信支付
SO20260601000187,2026-06-01 15:50:42,U005768,P00123,APP商城,湖南省,株洲市,1,481.89,0.00,481.89,已完成,微信支付
SO20260601000187,2026-06-01 15:50:42,U005768,P00129,APP商城,湖南省,株洲市,1,1711.36,0.00,1711.36,已完成,微信支付
SO20260601000188,2026-06-01 11:26:15,U007656,P00003,微信小程序,陕西省,西安市,1,361.40,0.00,361.40,已支付,银行卡
SO20260601000189,2026-06-01 19:09:16,U021708,P00190,京东自营,浙江省,温州市,2,210.78,0.00,421.56,已取消,微信支付
SO20260601000189,2026/06/01 19:09,U021708,P00181,京东自营,浙江省,温州市,1,480.91,37.00,443.91,已取消,微信支付
SO20260601000189,2026/06/01 19:09,U021708,P00181,京东自营,浙江省,温州市,1,480.91,37.00,443.91,已取消,微信支付
SO20260601000190,2026-06-01 20:09:30,U053643,P00172,APP商城,河南省,南阳市,1,1273.84,303.07,970.77,已退款,支付宝
SO20260601000190,2026-06-01 20:09:30,U053643,P00032,APP商城,河南省,,1,77.36,17.44,59.92,已退款,支付宝
SO20260601000191,2026/06/01 23:45,U003507,P00183,天猫旗舰店,辽宁省,沈阳市,1,322.44,75.35,247.09,已完成,支付宝
SO20260601000192,2026-06-01 09:44:28,U020433,P00033,APP商城,江苏省,苏州市,1,437.79,0.00,437.79,待付款,微信支付
SO20260601000193,2026-06-01 13:34:32,U013322,P00165,天猫旗舰店,江苏省,常州市,1,1055.31,0.00,1055.31,已完成,货到付款
SO20260601000193,2026-06-01 13:34:32,U013322,P00087,天猫旗舰店,江苏省,常州市,1,191.92,30.24,161.68,已完成,货到付款
SO20260601000193,invalid_time,U013322,P00154,天猫旗舰店,江苏省,常州市,1,250.42,0.00,250.42,已完成,货到付款
SO20260601000194,2026-06-01 12:35:37,U049655,P00192,APP商城,广东省,广州市,3,302.08,0.00,906.24,已完成,花呗
SO20260601000195,2026-06-01 11:44:14,U015707,P00064,微信小程序,重庆市,重庆市,3,4549.40,0.00,13648.20,已支付,微信支付
SO20260601000195,2026-06-01 11:44:14,U015707,P00107,微信小程序,重庆市,重庆市,1,6578.45,0.00,6578.45,已支付,微信支付
SO20260601000196,2026-06-01 06:31:42,U043591,P00034,天猫旗舰店,广东省,广州市,1,2857.85,336.72,2521.13,待付款,微信支付
SO20260601000196,2026-06-01 06:31:42,U043591,P00021,天猫旗舰店,广东省,广州市,1,2325.07,0.00,2325.07,待付款,微信支付
SO20260601000196,2026-06-01 06:31:42,U043591,P00074,天猫旗舰店,广东省,广州市,1,610.79,104.09,506.70,待付款,微信支付
SO20260601000197,2026-06-01 19:54:26,U027435,P00047,京东自营,河北省,保定市,1,826.33,0.00,826.33,已完成,微信支付
SO20260601000197,2026-06-01 19:54:26,U027435,P00032,京东自营,河北省,保定市,1,358.21,0.00,358.21,已完成,微信支付
SO20260601000198,2026-06-01 21:52:37,U023562,P00183,京东自营,云南省,昆明市,1,235.48,34.63,200.85,已完成,银行卡
SO20260601000199,2026-06-01 13:48:58,U014281,P00130,APP商城,山东省,,2,118.39,56.87,179.91,已支付,微信支付
SO20260601000200,2026-06-01 10:09:34,U049761,P00083,天猫旗舰店,广东省,深圳市,1,335.82,0.00,335.82,已完成,货到付款
SO20260601000200,2026-06-01 10:09:34,U049761,P00151,天猫旗舰店,广东省,深圳市,1,225.25,25.81,199.44,已完成,货到付款
SO20260601000200,2026-06-01 10:09:34,U049761,P00067,天猫旗舰店,广东省,深圳市,1,5738.65,0.00,5738.65,已完成,货到付款
SO20260601000201,2026-06-01 17:30:50,U028528,P00029,京东自营,重庆市,重庆市,1,8556.94,711.18,7845.76,已完成,支付宝
SO20260601000202,2026-06-01 10:52:13,U008764,P00022,天猫旗舰店,四川省,宜宾市,1,225.96,36.64,189.32,已完成,微信支付
SO20260601000202,2026-06-01 10:52:13,U008764,P00110,天猫旗舰店,四川省,宜宾市,1,1259.76,0.00,1259.76,已完成,微信支付
SO20260601000202,2026-06-01 10:52:13,U008764,P00110,天猫旗舰店,四川省,宜宾市,1,1259.76,0.00,1259.76,已完成,微信支付
SO20260601000203,2026-06-01 19:37:19,U001853,P00099,京东自营,福建省,厦门市,2,7211.62,0.00,14423.24,已支付,支付宝
SO20260601000203,2026-06-01 19:37:19,U001853,P00013,京东自营,福建省,厦门市,1,549.79,0.00,549.79,已支付,支付宝
SO20260601000203,2026-06-01 19:37:19,U001853,P00050,京东自营,福建省,厦门市,1,1227.79,0.00,1227.79,已支付,支付宝
SO20260601000204,2026-06-01 13:55:06,U037315,P00191,京东自营,广东省,珠海市,1,8705.39,0.00,8705.39,已完成,微信支付
SO20260601000205,2026-06-01 09:00:03,U039399,P00183,微信小程序,浙江省,宁波市,1,784.15,0.00,784.15,已完成,支付宝
SO20260601000206,2026-06-01 18:56:31,U056554,P00153,微信小程序,,大连市,1,8848.74,973.67,7875.07,已完成,微信支付
SO20260601000207,2026-06-01 21:54:35,U053612,P00015,APP商城,山东省,潍坊市,1,1103.87,119.77,984.10,已支付,微信支付
SO20260601000207,2026-06-01 21:54:35,U053612,P00055,APP商城,山东省,潍坊市,2,36.59,0.00,73.18,已支付,微信支付
SO20260601000207,2026/06/01 21:54,U053612,P00091,APP商城,山东省,潍坊市,1,181.40,0.00,181.40,已支付,微信支付
SO20260601000208,2026-06-01 09:49:41,U030331,P00126,天猫旗舰店,湖南省,长沙市,1,669.60,0.00,669.60,已完成,支付宝
SO20260601000208,2026-06-01 09:49:41,U030331,P00103,天猫旗舰店,湖南省,长沙市,1,1167.76,234.43,933.33,已完成,支付宝
SO20260601000209,2026/13/45 25:61:00,U055720,P00108,PC商城,河南省,洛阳市,1,957.69,0.00,957.69,已完成,支付宝
SO20260601000210,2026/06/01 19:59,U035648,P00015,天猫旗舰店,陕西省,西安市,1,4996.48,0.00,4996.48,已完成,微信支付
SO20260601000210,2026-06-01 19:59:35,U035648,P00126,天猫旗舰店,陕西省,西安市,1,180.84,19.60,161.24,已完成,微信支付
SO20260601000211,2026-06-01 18:32:52,U004717,P00136,微信小程序,浙江省,杭州市,1,1705.65,0.00,1705.65,已完成,微信支付
SO20260601000211,2026-06-01 18:32:52,U004717,P00075,微信小程序,浙江省,杭州市,3,1095.62,674.03,2612.83,已完成,微信支付
SO20260601000212,2026-06-01 14:03:02,U041365,P00197,微信小程序,云南省,昆明市,1,6719.94,679.47,6040.47,已完成,微信支付
SO20260601000213,2026-06-01 20:10:11,U058984,P00110,京东自营,广东省,东莞市,1,403.90,0.00,403.90,已完成,银行卡
SO20260601000213,2026-06-01 20:10:11,U058984,P00156,京东自营,广东省,东莞市,1,500.03,112.00,388.03,已完成,银行卡
SO20260601000214,2026-06-01 21:29:02,U058660,P00151,微信小程序,山东省,济南市,2,333.97,62.60,605.34,已完成,微信支付
SO20260601000215,2026-06-01T13:40:08,U027083,P00083,APP商城,广东省,深圳市,2,1844.83,0.00,3689.66,已取消,花呗
SO20260601000215,2026-06-01 13:40:08,U027083,P00137,APP商城,广东省,深圳市,2,7310.39,0.00,14620.78,已取消,花呗
SO20260601000215,2026-06-01 13:40:08,U027083,P00021,APP商城,广东省,,2,1617.72,464.43,2771.01,已取消,花呗
SO20260601000216,2026-06-01 23:43:10,U053898,P00110,京东自营,北京市,北京市,2,255.00,92.60,417.40,已完成,银行卡
SO20260601000217,2026-06-01 15:28:55,U010782,P00022,APP商城,山西省,太原市,1,861.66,73.78,787.88,已完成,支付宝
SO20260601000218,2026-06-01 23:18:12,U037930,P00150,APP商城,安徽省,合肥市,1,1458.60,200.92,1257.68,已完成,支付宝
SO20260601000218,2026-06-01 23:18:12,U037930,P00121,APP商城,安徽省,合肥市,1,265.17,24.09,241.08,已完成,支付宝
SO20260601000219,2026-06-01T11:21:40,U044058,P00163,APP商城,浙江省,温州市,1,1628.11,0.00,1628.11,已完成,货到付款
SO20260601000220,2026-06-01 19:41:31,U022012,P00117,京东自营,重庆市,重庆市,1,51.90,10.90,41.00,待付款,银行卡
SO20260601000220,2026-06-01 19:41:31,U022012,P00100,京东自营,重庆市,重庆市,3,1088.77,0.00,3266.31,待付款,银行卡
SO20260601000220,2026-06-01 19:41:31,U022012,P00073,京东自营,重庆市,重庆市,1,247.92,42.43,205.49,待付款,银行卡
SO20260601000221,2026-06-31 10:00:00,U044131,P00008,天猫旗舰店,山东省,临沂市,1,30.95,4.84,26.11,待付款,微信支付
SO20260601000222,2026-06-01 15:51:35,U045717,P00013,微信小程序,北京市,北京市,1,482.55,0.00,482.55,已完成,银行卡
SO20260601000222,2026-06-01 15:51:35,U045717,P00081,微信小程序,北京市,北京市,1,6256.71,0.00,6256.71,已完成,银行卡
SO20260601000222,2026-06-01 15:51:35,U045717,P00159,微信小程序,北京市,北京市,1,59.89,0.00,59.89,已完成,银行卡
SO20260601000223,2026-06-01 21:00:48,U026698,P00022,天猫旗舰店,上海市,上海市,1,737.11,78.72,658.39,已完成,银行卡
SO20260601000224,2026-06-01 19:49:52,U019114,P00071,APP商城,广东省,珠海市,2,221.21,34.18,408.24,已完成,支付宝
SO20260601000224,2026-06-01 19:49:52,U019114,P00199,APP商城,广东省,珠海市,1,354.48,0.00,354.48,已完成,支付宝
SO20260601000225,2026-06-01 21:17:26,U016489,P00167,京东自营,山西省,太原市,2,540.62,0.00,1081.24,已支付,微信支付
SO20260601000225,2026-06-01 21:17:26,U016489,P00151,京东自营,山西省,太原市,1,6426.51,0.00,6426.51,已支付,微信支付
SO20260601000225,2026-06-01 21:17:26,U016489,P00191,京东自营,山西省,太原市,1,3080.26,728.86,2351.40,已支付,微信支付
SO20260601000226,2026-06-01 19:48:07,U048284,P00116,微信小程序,安徽省,合肥市,1,8891.99,0.00,8891.99,已完成,微信支付
SO20260601000226,2026-06-01 19:48:07,U048284,P00200,微信小程序,安徽省,合肥市,2,171.13,0.00,342.26,已完成,微信支付
SO20260601000227,2026/06/01 18:05,U046759,P00017,京东自营,四川省,德阳市,1,142.21,0.00,142.21,待付款,微信支付
SO20260601000227,2026-06-01 18:05:32,U046759,P00089,京东自营,四川省,德阳市,1,811.32,0.00,811.32,待付款,微信支付
SO20260601000228,2026-06-01 21:22:45,U047375,P00071,PC商城,四川省,德阳市,1,878.15,0.00,878.15,已完成,支付宝
SO20260601000229,2026-06-01 07:41:49,U044196,P00077,微信小程序,山西省,太原市,1,1687.05,0.00,1687.05,已完成,货到付款
SO20260601000230,2026-06-01 09:59:27,U015801,P00067,APP商城,江苏省,常州市,1,777.67,0.00,777.67,已支付,微信支付
SO20260601000230,2026-06-01 09:59:27,U015801,P00061,APP商城,江苏省,常州市,1,972.66,106.47,866.19,已支付,微信支付
SO20260601000230,2026-06-01 09:59:27,U015801,P00136,APP商城,江苏省,常州市,5,6875.14,1951.11,32424.59,已支付,微信支付
SO20260601000231,2026-06-31 10:00:00,U051333,P00036,APP商城,,新乡市,1,75.22,6.31,68.91,已完成,微信支付
SO20260601000231,2026-06-01 10:35:59,U051333,P00132,APP商城,河南省,新乡市,2,5449.35,0.00,10898.70,已完成,微信支付
SO20260601000231,2026-06-01 10:35:59,U051333,P00035,APP商城,河南省,新乡市,1,126.44,0.00,126.44,已完成,微信支付
SO20260601000232,2026-06-01 21:49:13,U009689,P00167,京东自营,浙江省,杭州市,1,503.17,0.00,503.17,已支付,支付宝
SO20260601000233,2026-06-01 13:20:56,U022718,P00078,PC商城,陕西省,咸阳市,1,787.71,78.68,709.03,已完成,微信支付
SO20260601000234,2026-06-01 21:50:01,U012621,P00035,APP商城,福建省,厦门市,2,171.65,0.00,343.30,已支付,支付宝
SO20260601000235,2026-06-01 13:21:46,U035188,P00128,微信小程序,四川省,宜宾市,1,3796.88,670.38,3126.50,已完成,微信支付
SO20260601000236,2026-06-01 13:35:50,U002955,P00185,APP商城,河北省,石家庄市,1,295.46,0.00,295.46,已完成,支付宝
SO20260601000236,2026-06-01 13:35:50,U002955,P00117,APP商城,河北省,石家庄市,1,110.08,0.00,110.08,已完成,支付宝
SO20260601000237,2026-06-01 15:15:41,U040345,P00144,APP商城,山东省,济南市,1,374.50,89.64,284.86,已取消,支付宝
SO20260601000238,2026-06-01 16:54:59,U057042,P00144,天猫旗舰店,广东省,珠海市,2,6556.33,0.00,13112.66,已支付,微信支付
SO20260601000239,2026-06-01 11:39:46,U010887,P00080,APP商城,山东省,潍坊市,1,777.33,0.00,777.33,已完成,支付宝
SO20260601000240,2026-06-01 09:28:02,U013539,P00066,天猫旗舰店,云南省,昆明市,4,1024.46,0.00,4097.84,已完成,微信支付
SO20260601000241,2026-06-01 13:47:39,U030483,P00054,APP商城,安徽省,合肥市,1,8869.53,1230.89,7638.64,已完成,支付宝
SO20260601000241,2026-06-01 13:47:39,U030483,P00054,APP商城,安徽省,合肥市,1,8869.53,1230.89,7638.64,已完成,支付宝
SO20260601000241,2026-06-01 13:47:39,U030483,P00154,APP商城,安徽省,合肥市,5,100.30,0.00,501.50,已完成,支付宝
SO20260601000241,2026-06-01 13:47:39,U030483,P00083,APP商城,安徽省,合肥市,1,666.63,164.99,501.64,已完成,支付宝
SO20260601000242,2026-06-01 10:56:30,U033911,P00112,PC商城,湖北省,武汉市,1,3121.19,315.31,2805.88,已完成,花呗
SO20260601000243,2026-06-01 17:45:50,U031866,P00099,APP商城,北京市,北京市,1,370.68,78.52,292.16,已完成,微信支付
SO20260601000243,2026-06-01 17:45:50,U031866,P00028,APP商城,北京市,北京市,4,6237.26,1390.92,23558.12,已完成,微信支付
SO20260601000244,2026/06/01 15:54,U028332,P00038,天猫旗舰店,河南省,南阳市,2,990.80,301.60,1680.00,已完成,微信支付
SO20260601000245,2026-06-01 16:11:19,U001778,P00124,PC商城,江苏省,南通市,1,7421.22,0.00,7421.22,已支付,微信支付
SO20260601000245,2026-06-01 16:11:19,U001778,P00154,PC商城,江苏省,南通市,3,13.46,0.00,40.38,已支付,微信支付
SO20260601000245,2026-06-01 16:11:19,U001778,P00014,PC商城,江苏省,南通市,4,766.26,348.75,2716.29,已支付,微信支付
SO20260601000246,2026-06-01 19:38:16,U032206,P00026,京东自营,河南省,郑州市,2,3811.26,0.00,7622.52,已支付,支付宝
SO20260601000246,2026-06-01 19:38:16,U032206,P00161,京东自营,河南省,,1,3262.89,579.54,2683.35,已支付,支付宝
SO20260601000247,2026/06/01 12:12,U044408,P00072,微信小程序,广东省,广州市,2,1292.96,0.00,2585.92,已完成,支付宝
SO20260601000247,2026-06-01 12:12:32,U044408,P00199,微信小程序,广东省,广州市,1,159.51,0.00,159.51,已完成,支付宝
SO20260601000248,2026-06-01 11:39:42,U048268,P00140,微信小程序,重庆市,重庆市,1,288.32,61.54,226.78,已支付,支付宝
SO20260601000248,2026-06-01 11:39:42,U048268,P00143,微信小程序,重庆市,重庆市,0,3149.96,0.00,3149.96,已支付,支付宝
SO20260601000249,2026-06-01 10:12:06,U026517,P00188,PC商城,安徽省,合肥市,1,6482.84,1163.95,5318.89,已完成,花呗
SO20260601000250,2026-06-01 11:10:57,U004074,P00182,微信小程序,江苏省,南通市,2,1162.35,0.00,2324.70,已完成,支付宝
SO20260601000251,2026-06-01 18:34:09,U006635,P00002,微信小程序,广东省,珠海市,1,5973.23,648.70,5324.53,已完成,银行卡
SO20260601000252,2026-06-01 08:00:10,U057619,P00088,京东自营,上海市,上海市,1,857.03,0.00,857.03,已完成,银行卡
SO20260601000252,2026-06-01 08:00:10,U057619,P00044,京东自营,上海市,上海市,1,6297.21,0.00,6297.21,已完成,银行卡
SO20260601000252,2026-06-01 08:00:10,U057619,P00102,京东自营,上海市,上海市,1,4622.15,494.36,4127.79,已完成,银行卡
SO20260601000253,2026-06-01 12:40:08,U032946,P00173,京东自营,河南省,新乡市,1,657.08,0.00,657.08,已完成,微信支付
SO20260601000253,2026-06-01 12:40:08,U032946,P00040,京东自营,河南省,新乡市,1,5657.45,0.00,5657.45,已完成,微信支付
SO20260601000254,2026-06-01 14:03:55,U015688,P00141,微信小程序,江苏省,常州市,1,2579.35,0.00,2579.35,已支付,花呗
SO20260601000255,2026-06-01 08:59:40,U029652,P00083,APP商城,江苏省,无锡市,1,83.72,0.00,83.72,已完成,支付宝
SO20260601000255,2026-06-01 08:59:40,U029652,P00107,APP商城,江苏省,无锡市,1,317.24,0.00,317.24,已完成,支付宝
SO20260601000256,2026-06-01 09:57:14,U027541,P00114,APP商城,浙江省,金华市,2,344.98,161.18,528.78,已完成,微信支付
SO20260601000256,2026-06-01 09:57:14,U027541,P00136,APP商城,浙江省,金华市,2,511.38,76.04,946.72,已完成,微信支付
SO20260601000257,2026-06-01 19:29:26,U006227,P00112,微信小程序,浙江省,金华市,2,6790.04,2249.13,11330.95,已完成,支付宝
SO20260601000258,2026-06-01 18:41:51,U002050,P00022,APP商城,重庆市,重庆市,1,142.34,12.17,130.17,待付款,支付宝
SO20260601000259,2026-06-01 20:19:44,U042448,P00137,APP商城,浙江省,温州市,1,171.39,0.00,171.39,已取消,花呗
SO20260601000260,2026-06-01 16:10:57,U007813,P00083,天猫旗舰店,上海市,上海市,1,81.94,17.70,64.24,已完成,支付宝
SO20260601000260,2026-06-01 16:10:57,U007813,P00093,天猫旗舰店,上海市,上海市,2,644.68,0.00,1289.36,已完成,支付宝
SO20260601000260,2026/06/01 16:10,U007813,P00063,天猫旗舰店,上海市,上海市,1,1250.69,200.25,1050.44,已完成,支付宝
SO20260601000261,2026-06-01 02:57:27,U027671,P00185,APP商城,江西省,南昌市,2,928.44,194.08,1662.80,已完成,支付宝
SO20260601000262,2026-06-01 20:12:44,U009985,P00066,微信小程序,湖北省,武汉市,1,303.58,0.00,303.58,已完成,微信支付
SO20260601000262,2026-06-01 20:12:44,U009985,P00108,微信小程序,湖北省,,4,2322.56,0.00,9290.24,已完成,微信支付
SO20260601000262,2026-06-01 20:12:44,U009985,P00057,微信小程序,湖北省,武汉市,1,168.48,23.51,199.04,已完成,微信支付
SO20260601000263,2026-06-01 18:19:10,U054413,P00064,京东自营,湖南省,长沙市,1,7873.43,1968.06,5905.37,已完成,微信支付
SO20260601000264,2026-06-01 21:26:42,U007948,P00015,PC商城,福建省,泉州市,1,1152.37,0.00,1152.37,已支付,微信支付
SO20260601000264,2026-06-01 21:26:42,U007948,P00042,PC商城,福建省,泉州市,2,3250.50,0.00,6501.00,已支付,微信支付
SO20260601000265,2026/06/01 09:25,U027849,P00121,微信小程序,广东省,广州市,3,259.83,0.00,779.49,已支付,微信支付
SO20260601000266,2026-06-01 07:10:41,U005673,P00101,微信小程序,山东省,潍坊市,3,579.33,123.64,1614.35,已完成,货到付款
SO20260601000267,2026/06/01 14:06,U048108,P00064,PC商城,湖南省,长沙市,1,8317.83,0.00,8317.83,待付款,支付宝
SO20260601000267,2026-06-01 14:06:01,U048108,P00117,PC商城,湖南省,长沙市,1,310.58,0.00,310.58,待付款,支付宝
SO20260601000267,2026-06-01 14:06:01,U048108,P00109,PC商城,湖南省,长沙市,2,1954.30,335.69,3572.91,待付款,支付宝
SO20260601000268,2026-06-01 14:00:23,U058658,P00178,APP商城,河南省,南阳市,1,65.05,8.81,56.24,已完成,银行卡
SO20260601000269,2026-06-01 01:34:18,U049450,P00132,微信小程序,河北省,唐山市,1,1035.32,162.71,872.61,已完成,支付宝
SO20260601000269,2026-06-01 01:34:18,U049450,P00060,微信小程序,河北省,唐山市,3,297.17,52.68,838.83,已完成,支付宝
SO20260601000270,2026-06-01 20:01:15,U044553,P00175,天猫旗舰店,河南省,新乡市,1,313.65,0.00,313.65,已完成,支付宝
SO20260601000271,2026-06-01 19:17:22,U007605,P00100,APP商城,四川省,绵阳市,1,1567.45,0.00,1567.45,已完成,支付宝
SO20260601000271,2026-06-01 19:17:22,U007605,P00108,APP商城,四川省,绵阳市,2,4787.92,0.00,9575.84,已完成,支付宝
SO20260601000272,2026-06-01 14:14:43,U015993,P00180,APP商城,浙江省,宁波市,1,619.20,106.55,512.65,已支付,支付宝
SO20260601000272,2026-06-01 14:14:43,U015993,P00195,APP商城,浙江省,宁波市,1,104.83,0.00,104.83,已支付,支付宝
SO20260601000273,2026-06-01 16:46:14,U042120,P00125,APP商城,浙江省,温州市,1,1574.26,0.00,1574.26,已完成,支付宝
SO20260601000274,2026-06-01 17:01:37,U048307,P00091,京东自营,江苏省,苏州市,2,844.62,386.94,1302.30,已完成,银行卡
SO20260601000274,2026-06-01 17:01:37,U048307,P00040,京东自营,江苏省,苏州市,1,4681.89,0.00,4681.89,已完成,银行卡
SO20260601000275,2026-06-01 13:00:35,U050809,P00127,京东自营,湖北省,襄阳市,1,294.44,0.00,294.44,待付款,微信支付
SO20260601000276,2026-06-01 20:58:23,U014047,P00067,天猫旗舰店,湖北省,宜昌市,1,688.64,0.00,688.64,已完成,银行卡
SO20260601000276,2026-06-01 20:58:23,U014047,P00144,天猫旗舰店,湖北省,宜昌市,1,6618.41,0.00,6618.41,已完成,银行卡
SO20260601000276,2026-06-01 20:58:23,U014047,P00041,天猫旗舰店,湖北省,宜昌市,1,810.60,74.73,735.87,已完成,银行卡
SO20260601000277,2026-06-01T14:39:11,U041473,P00018,微信小程序,重庆市,重庆市,1,264.55,0.00,264.55,待付款,支付宝
SO20260601000278,2026-06-01 14:58:47,U031118,P00052,京东自营,山东省,济南市,1,62.77,0.00,62.77,已完成,支付宝
SO20260601000279,2026-06-01T14:01:26,U017414,P00122,京东自营,山东省,临沂市,3,29.52,0.00,88.56,已完成,支付宝
SO20260601000279,2026-06-01 14:01:26,U017414,P00147,京东自营,山东省,临沂市,1,901.52,0.00,901.52,已完成,支付宝
SO20260601000279,2026-06-01 14:01:26,U017414,P00185,京东自营,山东省,临沂市,1,410.78,0.00,410.78,已完成,支付宝
SO20260601000280,2026-06-01 15:58:16,U007611,P00122,微信小程序,山西省,太原市,1,930.91,101.05,829.86,已完成,支付宝
SO20260601000280,2026-06-01 15:58:16,U007611,P00041,微信小程序,山西省,太原市,5,167.64,0.00,838.20,已完成,支付宝
SO20260601000280,2026-06-01 15:58:16,U007611,P00094,微信小程序,山西省,太原市,1,343.39,0.00,343.39,已完成,支付宝
SO20260601000281,2026-06-01 20:09:27,U019099,P00097,APP商城,江西省,赣州市,1,1168.97,166.06,1002.91,已完成,微信支付
SO20260601000281,2026-06-01 20:09:27,U019099,P00179,APP商城,江西省,赣州市,1,6471.70,1405.89,5065.81,已完成,微信支付
SO20260601000281,2026-06-01 20:09:27,U019099,P00050,APP商城,江西省,赣州市,2,4614.31,2247.15,6981.47,已完成,微信支付
SO20260601000282,2026-06-01T10:26:28,U055639,P00147,天猫旗舰店,河北省,唐山市,1,32.15,6.81,25.34,已完成,支付宝
SO20260601000282,2026-06-01 10:26:28,U055639,P00062,天猫旗舰店,河北省,唐山市,1,465.74,0.00,465.74,已完成,支付宝
SO20260601000283,2026-06-01 10:19:55,U054463,P00014,微信小程序,河北省,唐山市,1,4582.98,695.89,3887.09,已支付,花呗
SO20260601000283,2026-06-01 10:19:55,U054463,P00140,微信小程序,河北省,唐山市,1,1968.74,0.00,1968.74,已支付,花呗
SO20260601000284,2026-06-01 19:37:09,U025299,P00004,天猫旗舰店,广东省,深圳市,1,7765.30,0.00,7765.30,已完成,微信支付
SO20260601000284,2026-06-01 19:37:09,U025299,P00158,天猫旗舰店,广东省,深圳市,4,1039.43,0.00,4157.72,已完成,微信支付
SO20260601000285,2026-06-01 21:58:43,U046812,P00110,天猫旗舰店,四川省,宜宾市,1,124.30,0.00,124.30,已完成,微信支付
SO20260601000285,2026-06-01 21:58:43,U046812,P00092,天猫旗舰店,四川省,宜宾市,1,2492.23,0.00,2492.23,已完成,微信支付
SO20260601000286,2026-06-01 21:48:51,U024419,P00051,PC商城,湖南省,湘潭市,2,6663.28,1298.47,12028.09,已完成,银行卡
SO20260601000286,2026/06/01 21:48,U024419,P00063,PC商城,湖南省,湘潭市,1,34.22,7.34,26.88,已完成,银行卡
SO20260601000286,2026-06-01 21:48:51,U024419,P00020,PC商城,湖南省,湘潭市,1,4834.43,818.15,4016.28,已完成,银行卡
SO20260601000287,2026-06-01 05:30:28,U018276,P00012,PC商城,重庆市,重庆市,5,672.91,366.40,2998.15,已完成,微信支付
SO20260601000287,2026-06-01 05:30:28,U018276,P00126,PC商城,重庆市,重庆市,1,4150.52,0.00,4150.52,已完成,微信支付
SO20260601000287,2026-06-01 05:30:28,U018276,P00112,PC商城,重庆市,重庆市,1,238.84,0.00,238.84,已完成,微信支付
SO20260601000288,2026-06-01 22:02:05,U050715,P00002,APP商城,江苏省,无锡市,1,273.41,0.00,273.41,已完成,支付宝
SO20260601000288,2026-06-01 22:02:05,U050715,P00002,APP商城,江苏省,无锡市,1,273.41,0.00,273.41,已完成,支付宝
SO20260601000288,2026-06-01 22:02:05,U050715,P00015,APP商城,江苏省,无锡市,1,6371.82,0.00,6371.82,已完成,支付宝
SO20260601000288,2026-06-01 22:02:05,U050715,P00158,APP商城,江苏省,无锡市,1,4239.70,497.83,3741.87,已完成,支付宝
SO20260601000289,2026-06-01 22:51:20,U059667,P00170,PC商城,山东省,潍坊市,1,403.17,0.00,403.17,待付款,微信支付
SO20260601000289,2026-06-01 22:51:20,U059667,P00170,PC商城,山东省,潍坊市,1,403.17,0.00,403.17,待付款,微信支付
SO20260601000289,2026-06-01 22:51:20,U059667,P00085,PC商城,山东省,潍坊市,1,2215.91,148.17,2067.74,待付款,微信支付
SO20260601000289,2026-06-01 22:51:20,U059667,P00131,PC商城,山东省,潍坊市,1,1148.04,128.10,1019.94,待付款,微信支付
SO20260601000290,2026-06-01T08:20:59,U029430,P00118,PC商城,河南省,洛阳市,1,330.55,0.00,330.55,已完成,银行卡
SO20260601000291,2026-06-01 18:29:37,U023288,P00129,PC商城,山东省,青岛市,1,742.44,0.00,742.44,已完成,微信支付
SO20260601000292,2026/06/01 00:50,U021090,P00013,APP商城,浙江省,杭州市,1,1206.73,232.60,974.13,已支付,银行卡
SO20260601000292,2026-06-01 00:50:32,U021090,P00040,APP商城,浙江省,杭州市,1,398.56,0.00,398.56,已支付,银行卡
SO20260601000292,2026-06-31 10:00:00,U021090,P00081,APP商城,浙江省,杭州市,1,100.11,9.45,90.66,已支付,银行卡
SO20260601000293,2026-06-01 19:12:55,U025521,P00046,APP商城,陕西省,西安市,2,6448.51,1983.64,10913.38,已支付,支付宝
SO20260601000293,2026-06-01 19:12:55,U025521,P00008,APP商城,陕西省,西安市,1,169.61,0.00,169.61,已支付,支付宝
SO20260601000293,invalid_time,U025521,P00134,APP商城,陕西省,西安市,1,491.81,0.00,491.81,已支付,支付宝
SO20260601000294,2026-06-31 10:00:00,U012504,P00064,APP商城,河南省,郑州市,2,63.29,12.51,114.07,已完成,货到付款
SO20260601000294,2026-06-01T12:55:34,U012504,P00091,APP商城,河南省,郑州市,1,350.23,45.57,304.66,已完成,货到付款
SO20260601000295,2026-06-01 23:12:19,U048116,P00116,PC商城,河南省,洛阳市,2,752.35,0.00,1504.70,已完成,微信支付
SO20260601000295,2026-06-01 23:12:19,U048116,P00149,PC商城,河南省,洛阳市,1,5331.40,300.60,5030.80,已完成,微信支付
SO20260601000296,2026-06-01 12:07:46,U019768,P00117,天猫旗舰店,浙江省,金华市,2,368.16,158.01,578.31,待付款,花呗
SO20260601000297,2026-06-01 11:48:53,U052469,P00105,微信小程序,四川省,宜宾市,1,6356.11,0.00,6356.11,已完成,微信支付
SO20260601000297,2026/06/01 11:48,U052469,P00058,微信小程序,四川省,宜宾市,1,1130.84,96.80,1034.04,已完成,微信支付
SO20260601000298,2026-06-01T08:12:23,U033221,P00034,京东自营,浙江省,嘉兴市,1,1097.10,217.27,879.83,已完成,银行卡
SO20260601000298,2026-06-01 08:12:23,U033221,P00187,京东自营,浙江省,嘉兴市,4,8052.94,0.00,32211.76,已完成,银行卡
SO20260601000298,2026/06/01 08:12,U033221,P00071,京东自营,浙江省,嘉兴市,1,236.96,16.83,220.13,已完成,银行卡
SO20260601000299,2026-06-01T17:16:04,U012993,P00159,微信小程序,山东省,济南市,1,2165.83,287.14,1878.69,已取消,花呗
SO20260601000299,2026-06-01 17:16:04,U012993,P00037,微信小程序,山东省,济南市,2,290.27,122.69,457.85,已取消,花呗
SO20260601000300,2026/06/01 11:29,U041373,P00183,PC商城,广东省,东莞市,1,1070.05,0.00,1070.05,已完成,支付宝
SO20260601000300,2026-06-01 11:29:28,U041373,P00136,PC商城,广东省,东莞市,1,2079.43,0.00,2079.43,已完成,支付宝
SO20260601000300,2026-06-01 11:29:28,U041373,P00058,PC商城,广东省,东莞市,1,5533.43,0.00,5533.43,已完成,支付宝
SO20260601000301,2026-06-01 20:31:49,U053668,P00001,APP商城,安徽省,合肥市,2,289.14,0.00,578.28,已完成,微信支付
SO20260601000301,2026/06/01 20:31,U053668,P00007,APP商城,安徽省,合肥市,1,3858.38,887.03,2971.35,已完成,微信支付
SO20260601000302,2026-06-01 11:52:40,U036186,P00155,天猫旗舰店,江苏省,苏州市,2,859.20,0.00,1718.40,已完成,银行卡
SO20260601000302,2026/06/01 11:52,U036186,P00191,天猫旗舰店,江苏省,苏州市,1,196.63,0.00,196.63,已完成,银行卡
SO20260601000303,2026-06-01 19:18:00,U014618,P00115,京东自营,湖南省,湘潭市,1,541.49,91.22,450.27,已完成,银行卡
SO20260601000303,2026-06-01 19:18:00,U014618,P00110,京东自营,湖南省,湘潭市,2,6606.24,2732.25,10480.23,已完成,银行卡
SO20260601000303,2026-06-01 19:18:00,U014618,P00085,京东自营,湖南省,湘潭市,2,42.66,5.65,79.67,已完成,银行卡
SO20260601000304,2026-06-01 12:38:59,U040108,P00133,微信小程序,江西省,赣州市,2,192.86,0.00,385.72,已完成,微信支付
SO20260601000304,2026-06-01 12:38:59,U040108,P00123,微信小程序,江西省,赣州市,1,777.30,0.00,777.30,已完成,微信支付
SO20260601000304,2026-06-01 12:38:59,U040108,P00003,微信小程序,江西省,赣州市,1,1201.23,0.00,1201.23,已完成,微信支付
SO20260601000305,2026-06-01 22:13:23,U007865,P00046,微信小程序,北京市,北京市,1,272.15,0.00,272.15,已完成,银行卡
SO20260601000305,2026-06-01 22:13:23,U007865,P00021,微信小程序,北京市,北京市,1,6423.55,0.00,6423.55,已完成,银行卡
SO20260601000305,2026-06-01 22:13:23,U007865,P00048,微信小程序,北京市,北京市,1,75.69,7.60,68.09,已完成,银行卡
SO20260601000306,2026-06-01 14:14:47,U014380,P00086,京东自营,浙江省,温州市,1,300.79,0.00,300.79,已支付,支付宝
SO20260601000306,2026/06/01 14:14,U014380,P00172,京东自营,浙江省,温州市,1,169.24,10.86,158.38,已支付,支付宝
SO20260601000307,2026-06-01 18:10:14,U047833,P00180,APP商城,辽宁省,沈阳市,1,4672.27,612.88,4059.39,待付款,微信支付
SO20260601000308,2026-06-01 12:09:41,U002678,P00085,APP商城,安徽省,合肥市,1,54.55,12.73,41.82,已完成,支付宝
SO20260601000308,2026-06-01 12:09:41,U002678,P00052,APP商城,安徽省,合肥市,2,398.42,0.00,796.84,已完成,支付宝
SO20260601000309,2026-06-01 11:30:04,U036146,P00077,APP商城,湖南省,湘潭市,1,783.37,0.00,783.37,已完成,微信支付
SO20260601000310,2026-06-01 14:55:02,U024233,P00118,微信小程序,湖北省,宜昌市,1,330.02,22.04,307.98,已完成,微信支付
SO20260601000310,2026-06-01 14:55:02,U024233,P00092,微信小程序,湖北省,宜昌市,1,226.54,50.42,176.12,已完成,微信支付
SO20260601000310,2026-06-01 14:55:02,U024233,P00089,微信小程序,湖北省,宜昌市,1,838.53,0.00,838.53,已完成,微信支付
SO20260601000311,2026-06-01 17:38:07,U036202,P00057,APP商城,上海市,上海市,1,135.26,7.02,128.24,已完成,微信支付
SO20260601000311,2026-06-01 17:38:07,U036202,P00114,APP商城,上海市,上海市,1,969.60,205.40,764.20,已完成,微信支付
SO20260601000311,2026-06-01 17:38:07,U036202,P00014,APP商城,上海市,上海市,2,1664.71,0.00,3329.42,已完成,微信支付
SO20260601000312,2026-06-01 19:21:58,U052576,P00028,微信小程序,,哈尔滨市,1,312.02,0.00,312.02,已完成,支付宝
SO20260601000312,2026-06-01 19:21:58,U052576,P00121,微信小程序,黑龙江省,哈尔滨市,1,1508.70,80.99,1427.71,已完成,支付宝
SO20260601000312,2026-06-01 19:21:58,U052576,P00137,微信小程序,黑龙江省,哈尔滨市,2,5179.74,0.00,10359.48,已完成,支付宝
SO20260601000313,2026-06-01 14:51:44,U048556,P00001,APP商城,辽宁省,沈阳市,3,4354.81,0.00,13064.43,已完成,支付宝
SO20260601000314,2026-06-01 10:45:27,U030208,P00133,APP商城,广东省,珠海市,1,163.46,0.00,163.46,已完成,花呗
SO20260601000314,2026-06-01 10:45:27,U030208,P00072,APP商城,广东省,珠海市,2,142.99,36.33,249.65,已完成,花呗
SO20260601000314,2026-06-01 10:45:27,U030208,P00061,APP商城,广东省,珠海市,1,704.11,0.00,704.11,已完成,花呗
SO20260601000315,2026-06-01 06:46:37,U024250,P00135,APP商城,广东省,东莞市,1,2159.99,416.67,1743.32,已完成,支付宝
SO20260601000316,2026-06-01 12:14:25,U058572,P00032,APP商城,四川省,绵阳市,3,337.23,0.00,1011.69,已完成,支付宝
SO20260601000317,2026-06-01 21:48:00,U039431,P00197,微信小程序,山西省,太原市,3,5041.47,904.43,14219.98,已完成,支付宝
SO20260601000317,2026-06-01 21:48:00,U039431,P00034,微信小程序,山西省,太原市,1,3064.61,0.00,3064.61,已完成,支付宝
SO20260601000317,2026-06-01 21:48:00,U039431,P00061,微信小程序,山西省,太原市,1,126.73,28.04,98.69,已完成,支付宝
SO20260601000318,2026-06-01 13:04:12,U049342,P00024,PC商城,山东省,潍坊市,1,1195.74,74.05,1121.69,已支付,微信支付
SO20260601000319,2026-06-01 07:41:12,U059414,P00030,京东自营,江苏省,常州市,2,6546.93,0.00,13093.86,已完成,花呗
SO20260601000320,2026-06-01 17:09:20,U042312,P00167,PC商城,浙江省,宁波市,1,1853.22,0.00,1853.22,待付款,微信支付
SO20260601000321,2026-06-01 19:48:53,U047581,P00040,微信小程序,广东省,佛山市,1,3895.49,0.00,3895.49,已完成,货到付款
SO20260601000321,2026-06-01 19:48:53,U047581,P00084,微信小程序,广东省,佛山市,1,541.14,0.00,541.14,已完成,货到付款
SO20260601000322,2026-06-01 13:01:47,U001394,P00138,天猫旗舰店,陕西省,西安市,1,271.84,0.00,271.84,已完成,货到付款
SO20260601000323,2026-06-01 07:55:47,U015717,P00195,微信小程序,河南省,洛阳市,1,4099.24,0.00,4099.24,已支付,微信支付
SO20260601000324,2026-06-01 14:05:32,U025690,P00104,APP商城,北京市,北京市,1,852.64,200.39,652.25,已完成,支付宝
SO20260601000325,2026-06-01 17:29:25,U052963,P00077,PC商城,湖南省,株洲市,2,986.39,0.00,1972.78,已完成,支付宝
SO20260601000326,2026-06-01 17:04:06,U013997,P00143,APP商城,四川省,成都市,2,1010.18,0.00,2020.36,已完成,微信支付
SO20260601000326,2026-06-01 17:04:06,U013997,P00079,APP商城,四川省,成都市,2,3729.59,1097.16,6362.02,已完成,微信支付
SO20260601000326,2026-06-01 17:04:06,U013997,P00138,APP商城,四川省,成都市,1,204.52,23.35,181.17,已完成,微信支付
SO20260601000327,2026-06-01 19:16:26,U024681,P00016,微信小程序,河北省,石家庄市,1,198.63,0.00,198.63,已完成,花呗
SO20260601000327,2026-06-01 19:16:26,U024681,P00076,微信小程序,河北省,石家庄市,1,165.74,15.53,150.21,已完成,花呗
SO20260601000328,2026-06-01 09:59:33,U022732,P00197,APP商城,上海市,上海市,1,6816.11,1388.30,5427.81,已完成,支付宝
SO20260601000329,2026-06-01 08:18:32,U020744,P00077,APP商城,河南省,洛阳市,1,854.53,68.28,786.25,已完成,支付宝
SO20260601000330,2026/06/01 15:56,U037231,P00065,PC商城,辽宁省,大连市,1,145.17,0.00,145.17,已完成,货到付款
SO20260601000330,2026-06-01 15:56:19,U037231,P00140,PC商城,辽宁省,大连市,2,960.38,0.00,1920.76,已完成,货到付款
SO20260601000330,2026-06-01 15:56:19,U037231,P00163,PC商城,辽宁省,大连市,1,329.38,34.18,295.20,已完成,货到付款
SO20260601000331,2026-06-01 19:04:09,U020822,P00133,APP商城,山东省,济南市,1,380.48,57.83,322.65,已退款,花呗
SO20260601000331,2026/06/01 19:04,U020822,P00140,APP商城,山东省,济南市,1,240.02,0.00,240.02,已退款,花呗
SO20260601000332,2026-06-01 16:06:56,U008435,P00110,微信小程序,浙江省,金华市,2,304.91,0.00,609.82,已完成,银行卡
SO20260601000333,2026-06-01 05:59:03,U055893,P00123,PC商城,江苏省,南通市,1,307.33,0.00,307.33,已完成,支付宝
SO20260601000334,2026-06-01 13:58:58,U019524,P00099,PC商城,山东省,潍坊市,3,2229.69,442.09,6246.98,待付款,支付宝
SO20260601000334,2026-06-01 13:58:58,U019524,P00106,PC商城,山东省,潍坊市,2,658.49,0.00,1316.98,待付款,支付宝
SO20260601000335,2026-06-01 21:00:30,U004528,P00113,APP商城,福建省,厦门市,1,104.78,25.19,79.59,已完成,微信支付
SO20260601000335,2026-06-01 21:00:30,U004528,P00026,APP商城,福建省,厦门市,1,428.93,64.53,364.40,已完成,微信支付
SO20260601000336,2026-06-01 08:58:03,U002970,P00098,微信小程序,陕西省,咸阳市,1,1253.05,149.89,1103.16,已完成,支付宝
SO20260601000336,2026-06-01 08:58:03,U002970,P00037,微信小程序,陕西省,咸阳市,5,3555.17,0.00,17775.85,已完成,支付宝
SO20260601000337,2026-06-01T10:59:37,U022665,P00019,天猫旗舰店,黑龙江省,哈尔滨市,2,840.74,140.37,1541.11,已支付,微信支付
SO20260601000337,2026-06-01 10:59:37,U022665,P00066,天猫旗舰店,黑龙江省,哈尔滨市,2,2143.33,817.42,3469.24,已支付,
SO20260601000337,2026/06/01 10:59,U022665,P00018,天猫旗舰店,,哈尔滨市,1,117.96,15.25,102.71,已支付,微信支付
SO20260601000338,2026-06-01 09:39:53,U018118,P00134,PC商城,江苏省,南通市,1,739.13,0.00,739.13,已完成,支付宝
SO20260601000339,2026-06-01 10:34:46,U045785,P00163,天猫旗舰店,江苏省,,1,4021.61,350.13,3671.48,已完成,微信支付
SO20260601000340,2026-06-01 19:05:48,U056373,P00064,APP商城,四川省,德阳市,1,573.52,0.00,573.52,已完成,支付宝
SO20260601000340,2026-06-01 19:05:48,U056373,P00151,APP商城,四川省,德阳市,1,828.76,0.00,828.76,已完成,支付宝
SO20260601000341,2026-06-01 17:02:28,U052958,P00002,京东自营,湖南省,长沙市,1,1138.67,0.00,1138.67,已完成,银行卡
SO20260601000342,2026-06-01 09:01:42,U053793,P00031,天猫旗舰店,陕西省,咸阳市,1,499.85,0.00,499.85,已完成,支付宝
SO20260601000343,2026-06-01 09:32:30,U049967,P00136,天猫旗舰店,广东省,佛山市,3,679.84,230.63,1808.89,已支付,花呗
SO20260601000343,2026-06-01 09:32:30,U049967,P00058,天猫旗舰店,广东省,佛山市,1,883.39,0.00,883.39,已支付,花呗
SO20260601000344,2026-06-01 10:28:16,U022427,P00003,天猫旗舰店,广东省,东莞市,1,98.62,18.86,79.76,已完成,微信支付
SO20260601000344,2026-06-01 10:28:16,U022427,P00155,天猫旗舰店,广东省,东莞市,1,518.96,81.74,437.22,已完成,微信支付
SO20260601000344,2026-06-01 10:28:16,U022427,P00113,天猫旗舰店,广东省,东莞市,2,359.15,0.00,718.30,已完成,微信支付
SO20260601000345,2026-06-01 22:36:40,U013734,P00107,天猫旗舰店,上海市,上海市,1,1199.03,0.00,1199.03,已完成,支付宝
SO20260601000346,2026/06/01 07:10,U018168,P00019,PC商城,北京市,北京市,1,62.04,7.09,54.95,已退款,微信支付
SO20260601000347,2026-06-01 19:25:13,U003677,P00157,天猫旗舰店,湖北省,宜昌市,1,49.48,0.00,49.48,已完成,支付宝
SO20260601000348,2026-06-01 10:33:46,U045344,P00109,APP商城,广东省,珠海市,1,303.26,67.39,235.87,已完成,支付宝
SO20260601000348,2026-06-01 10:33:46,U045344,P00163,APP商城,广东省,珠海市,1,532.83,0.00,532.83,已完成,支付宝
SO20260601000348,2026-06-01 10:33:46,U045344,P00027,APP商城,广东省,珠海市,1,5203.22,0.00,5203.22,已完成,支付宝
SO20260601000349,2026-06-01 16:11:46,U023809,P00068,APP商城,浙江省,嘉兴市,1,1214.91,0.00,1214.91,已退款,支付宝
SO20260601000350,2026-06-01 01:49:49,U002712,P00033,APP商城,浙江省,温州市,1,344.55,34.82,309.73,待付款,微信支付
SO20260601000350,2026-06-01 01:49:49,U002712,P00163,APP商城,浙江省,温州市,2,1820.61,0.00,3641.22,待付款,微信支付
SO20260601000350,2026-06-01 01:49:49,U002712,P00172,APP商城,浙江省,温州市,2,596.66,0.00,1193.32,待付款,微信支付
SO20260601000351,2026/06/01 17:23,U021679,P00032,APP商城,湖南省,湘潭市,1,59.90,0.00,59.90,已支付,微信支付
SO20260601000352,2026-06-01 09:58:02,U016096,P00032,APP商城,江苏省,南通市,1,238.94,52.34,186.60,已完成,微信支付
SO20260601000353,2026-06-01 08:35:00,U001505,P00110,京东自营,广东省,佛山市,4,8994.19,0.00,35976.76,已完成,微信支付
SO20260601000354,2026-06-01T23:46:35,U004562,P00121,PC商城,江西省,赣州市,2,238.89,82.90,394.88,已完成,支付宝
SO20260601000355,2026-06-01 16:59:09,U054123,P00180,天猫旗舰店,河南省,郑州市,2,786.88,0.00,1573.76,已支付,支付宝
SO20260601000355,2026-06-01 16:59:09,U054123,P00147,天猫旗舰店,河南省,郑州市,5,2487.50,1270.36,11167.14,已支付,支付宝
SO20260601000355,2026-06-01 16:59:09,U054123,P00024,天猫旗舰店,河南省,郑州市,1,119.83,0.00,119.83,已支付,支付宝
SO20260601000356,2026-06-01 11:17:09,U052037,P00024,APP商城,四川省,德阳市,2,8272.38,2341.37,14203.39,已完成,银行卡
SO20260601000356,2026-06-01 11:17:09,U052037,P00140,APP商城,四川省,德阳市,1,526.72,56.88,469.84,已完成,银行卡
SO20260601000356,2026-06-01 11:17:09,U052037,P00011,APP商城,四川省,德阳市,1,277.77,53.31,224.46,已完成,银行卡
SO20260601000357,2026-06-01 17:18:46,U030376,P00072,APP商城,山东省,济南市,1,311.04,0.00,311.04,已取消,支付宝
SO20260601000358,2026-06-01 00:10:23,U020210,P00113,PC商城,江苏省,常州市,2,3494.25,0.00,6988.50,待付款,微信支付
SO20260601000358,2026-06-01 00:10:23,U020210,P00183,PC商城,江苏省,常州市,1,8329.99,0.00,8329.99,待付款,微信支付
SO20260601000359,2026-06-01 22:42:07,U012029,P00198,APP商城,陕西省,咸阳市,1,1198.40,0.00,1198.40,已支付,银行卡
SO20260601000359,2026-06-01 22:42:07,U012029,P00042,APP商城,陕西省,咸阳市,1,4099.36,0.00,4099.36,已支付,银行卡
SO20260601000360,2026-06-01 20:41:24,U021320,P00083,京东自营,广东省,广州市,1,799.80,44.36,755.44,已支付,支付宝
SO20260601000360,2026-06-01 20:41:24,U021320,P00110,京东自营,广东省,广州市,1,3768.96,0.00,3768.96,已支付,支付宝
SO20260601000360,2026-06-01 20:41:24,U021320,P00043,京东自营,广东省,广州市,1,806.24,0.00,806.24,已支付,支付宝
SO20260601000361,2026-06-01 16:37:19,U042883,P00171,APP商城,江苏省,南京市,1,8704.91,0.00,8704.91,已支付,微信支付
SO20260601000362,2026/06/01 18:23,U029052,P00188,微信小程序,广东省,广州市,1,1192.79,157.06,1035.73,已完成,银行卡
SO20260601000363,2026-06-01 14:22:52,U037401,P00029,APP商城,北京市,北京市,2,662.05,305.83,1018.27,已完成,微信支付
SO20260601000364,2026-06-01 21:12:56,U055226,P00040,PC商城,浙江省,宁波市,1,1522.58,0.00,1522.58,已完成,微信支付
SO20260601000364,2026-06-01 21:12:56,U055226,P00153,PC商城,浙江省,宁波市,1,226.23,12.47,213.76,已完成,微信支付
SO20260601000364,2026-06-01 21:12:56,U055226,P00098,PC商城,浙江省,宁波市,1,6990.38,1428.72,5561.66,已完成,微信支付
SO20260601000365,2026-06-01 16:19:24,U040644,P00163,PC商城,湖北省,宜昌市,1,638.46,62.38,576.08,已退款,货到付款
SO20260601000366,2026-06-01 11:02:43,U048563,P00009,微信小程序,山东省,青岛市,3,343.03,84.93,944.16,已完成,微信支付
SO20260601000366,2026-06-01 11:02:43,U048563,P00039,微信小程序,山东省,青岛市,3,113.99,0.00,341.97,已完成,微信支付
SO20260601000366,2026-06-01 11:02:43,U048563,P00175,微信小程序,山东省,青岛市,1,29.72,0.00,29.72,已完成,微信支付
SO20260601000367,2026-06-01 17:45:40,U035905,P00178,京东自营,陕西省,咸阳市,1,1669.28,118.30,1550.98,已支付,支付宝
SO20260601000368,2026-06-01 21:43:27,U034291,P00140,微信小程序,广东省,佛山市,1,739.85,181.40,558.45,已支付,微信支付
SO20260601000369,2026-06-01 10:39:10,U000991,P00065,PC商城,山东省,潍坊市,1,1171.38,0.00,1171.38,待付款,微信支付
SO20260601000370,2026-06-01 16:37:00,U038147,P00130,APP商城,山东省,潍坊市,1,301.03,0.00,301.03,已完成,银行卡
SO20260601000371,2026-06-01 07:47:49,U015065,P00068,微信小程序,浙江省,嘉兴市,1,58.84,9.28,49.56,已支付,微信支付
SO20260601000372,2026-06-01 21:32:44,U029736,P00164,APP商城,广东省,深圳市,5,386.09,0.00,1930.45,已完成,支付宝
SO20260601000373,2026-06-01 09:18:31,U011770,P00010,APP商城,江苏省,南通市,1,152.61,16.49,136.12,已完成,货到付款
SO20260601000374,2026-06-01 11:38:44,U008618,P00151,APP商城,浙江省,温州市,1,132.26,0.00,132.26,已完成,微信支付
SO20260601000375,2026-06-01 16:42:44,U020214,P00042,微信小程序,,宜昌市,1,8612.70,0.00,8612.70,已完成,微信支付
SO20260601000375,2026-06-01 16:42:44,U020214,P00023,微信小程序,湖北省,宜昌市,1,188.59,29.71,158.88,已完成,微信支付
SO20260601000375,2026-06-01 16:42:44,U020214,P00067,微信小程序,湖北省,宜昌市,1,1886.76,0.00,1886.76,已完成,微信支付
SO20260601000376,2026-06-01 00:02:58,U036707,P00052,天猫旗舰店,浙江省,金华市,2,673.30,0.00,1346.60,已完成,支付宝
SO20260601000377,2026-06-01 14:23:53,U023673,P00076,微信小程序,上海市,上海市,1,3350.02,228.41,3121.61,已完成,银行卡
SO20260601000377,2026-06-01 14:23:53,U023673,P00111,微信小程序,上海市,上海市,1,1377.80,0.00,1377.80,已完成,银行卡
SO20260601000378,2026/06/01 20:23,U009696,P00051,PC商城,广东省,佛山市,3,1873.72,0.00,5621.16,已完成,支付宝
SO20260601000378,2026-06-01 20:23:27,U009696,P00072,PC商城,广东省,佛山市,1,267.11,33.04,234.07,已完成,支付宝
SO20260601000379,2026-06-01 17:35:42,U021468,P00188,APP商城,湖北省,宜昌市,1,5425.89,0.00,5425.89,已支付,支付宝
SO20260601000379,2026-06-01 17:35:42,U021468,P00124,APP商城,湖北省,宜昌市,2,667.51,0.00,1335.02,已支付,支付宝
SO20260601000380,2026-06-01 17:52:52,U007245,P00126,微信小程序,上海市,上海市,1,2324.03,347.29,1976.74,已完成,微信支付
SO20260601000381,2026/06/01 17:01,U033937,P00053,微信小程序,四川省,成都市,1,1791.80,280.60,1511.20,已完成,支付宝
SO20260601000382,2026-06-01 20:15:03,U048548,P00027,京东自营,浙江省,杭州市,1,8377.68,0.00,8377.68,已完成,支付宝
SO20260601000382,2026/06/01 20:15,U048548,P00155,京东自营,浙江省,杭州市,2,3121.68,0.00,6243.36,已完成,支付宝
SO20260601000382,2026/06/01 20:15,U048548,P00174,京东自营,浙江省,杭州市,2,141.84,0.00,283.68,已完成,支付宝
SO20260601000383,2026-06-01T17:21:56,U055623,P00126,天猫旗舰店,广东省,珠海市,2,445.47,177.20,713.74,已完成,微信支付
SO20260601000384,2026/06/01 14:04,U030795,P00172,APP商城,安徽省,合肥市,1,3322.59,0.00,3322.59,已完成,银行卡
SO20260601000385,2026-06-01 11:09:24,U005593,P00181,APP商城,四川省,成都市,1,8947.51,0.00,8947.51,已完成,银行卡
SO20260601000385,2026-06-01 11:09:24,U005593,P00083,APP商城,四川省,成都市,1,396.61,47.27,349.34,已完成,银行卡
SO20260601000385,2026-06-01 11:09:24,U005593,P00155,APP商城,四川省,成都市,1,2562.36,170.76,2391.60,已完成,银行卡
SO20260601000386,2026-06-01 11:47:29,U034690,P00078,APP商城,北京市,北京市,2,1917.16,790.68,3043.64,已支付,微信支付
SO20260601000387,2026-06-01 20:27:40,U040526,P00029,APP商城,浙江省,杭州市,2,577.06,0.00,1154.12,已完成,
SO20260601000387,2026-06-01 20:27:40,U040526,P00029,APP商城,浙江省,杭州市,2,577.06,0.00,1154.12,已完成,
SO20260601000387,2026-06-01 20:27:40,U040526,P00048,APP商城,浙江省,杭州市,1,1336.12,172.59,1163.53,已完成,货到付款
SO20260601000388,2026-06-01T14:41:00,U017269,P00064,APP商城,辽宁省,大连市,2,6033.41,0.00,12066.82,已取消,支付宝
SO20260601000388,2026-06-01T14:41:00,U017269,P00064,APP商城,辽宁省,大连市,2,6033.41,0.00,12066.82,已取消,支付宝
SO20260601000388,2026-06-01 14:41:00,U017269,P00108,APP商城,辽宁省,大连市,1,68.08,11.98,56.10,已取消,支付宝
SO20260601000389,2026-06-01 10:01:39,U008935,P00047,APP商城,黑龙江省,哈尔滨市,1,1070.55,0.00,1070.55,已退款,支付宝
SO20260601000389,2026-06-01 10:01:39,U008935,P00164,APP商城,黑龙江省,哈尔滨市,0,2371.00,440.31,1930.69,已退款,支付宝
SO20260601000389,2026-06-01 10:01:39,U008935,P00150,APP商城,黑龙江省,哈尔滨市,3,964.41,307.35,2585.88,已退款,支付宝
SO20260601000390,2026-06-01T15:37:22,U046354,P00088,微信小程序,江苏省,常州市,2,169.78,77.10,262.46,已完成,支付宝
SO20260601000390,2026-06-01 15:37:22,U046354,P00102,微信小程序,江苏省,常州市,1,35.98,0.00,35.98,已完成,支付宝
SO20260601000390,2026/06/01 15:37,U046354,P00073,微信小程序,江苏省,常州市,1,957.58,212.53,745.05,已完成,支付宝
SO20260601000391,2026-06-01 21:12:47,U056730,P00020,APP商城,河南省,新乡市,1,5307.06,0.00,5307.06,已完成,微信支付
SO20260601000392,2026-06-01 11:10:02,U020445,P00191,APP商城,浙江省,宁波市,1,7110.26,0.00,7110.26,已完成,花呗
SO20260601000393,2026-06-01 13:40:37,U016593,P00083,微信小程序,河南省,新乡市,1,31.98,2.04,29.94,已支付,支付宝
SO20260601000394,2026-06-01 16:44:12,U028959,P00185,APP商城,河南省,郑州市,1,2036.12,0.00,2036.12,已完成,支付宝
SO20260601000395,2026-06-01 20:32:07,U043509,P00181,天猫旗舰店,四川省,德阳市,1,3873.81,297.99,3575.82,已支付,花呗
SO20260601000396,2026-06-01 12:58:34,U022266,P00122,APP商城,广东省,深圳市,1,6157.66,0.00,6157.66,已支付,支付宝
SO20260601000397,2026-06-01 14:08:42,U043443,P00096,天猫旗舰店,湖南省,长沙市,1,4919.45,0.00,4919.45,已完成,支付宝
SO20260601000397,2026-06-01 14:08:42,U043443,P00125,天猫旗舰店,湖南省,长沙市,1,3467.66,0.00,3467.66,已完成,支付宝
SO20260601000398,2026-06-01 12:41:39,U046550,P00127,天猫旗舰店,黑龙江省,哈尔滨市,2,6475.30,0.00,12950.60,已完成,支付宝
SO20260601000398,2026-06-01 12:41:39,U046550,P00146,天猫旗舰店,黑龙江省,哈尔滨市,2,240.14,0.00,480.28,已完成,支付宝
SO20260601000399,2026-06-01 21:39:02,U009810,P00156,APP商城,江西省,南昌市,5,954.96,762.55,4012.25,已完成,货到付款
SO20260601000400,2026-06-01 12:15:52,U004607,P00099,天猫旗舰店,山东省,烟台市,1,4307.75,461.74,3846.01,已完成,银行卡
SO20260601000400,2026-06-01 12:15:52,U004607,P00013,天猫旗舰店,山东省,烟台市,1,8711.49,0.00,8711.49,已完成,银行卡
SO20260601000400,2026-06-01 12:15:52,U004607,P00068,天猫旗舰店,山东省,烟台市,1,3995.89,460.71,3535.18,已完成,银行卡
SO20260601000401,2026/06/01 17:14,U051375,P00169,PC商城,江苏省,南通市,1,4285.28,804.90,3480.38,已完成,花呗
SO20260601000401,2026-06-01 17:14:11,U051375,P00136,PC商城,江苏省,南通市,3,855.03,639.06,1926.03,已完成,花呗
SO20260601000402,2026-06-01 20:42:47,U000851,P00183,微信小程序,陕西省,咸阳市,2,247.77,0.00,495.54,已完成,支付宝
SO20260601000402,2026-06-01 20:42:47,U000851,P00175,微信小程序,陕西省,咸阳市,2,1677.69,0.00,3355.38,已完成,支付宝
SO20260601000402,2026-06-01 20:42:47,U000851,P00120,微信小程序,陕西省,咸阳市,1,8978.13,884.59,8093.54,已完成,支付宝
SO20260601000403,2026-06-01 10:50:56,U055460,P00169,京东自营,四川省,绵阳市,1,206.08,0.00,206.08,已完成,微信支付
SO20260601000403,2026-06-01 10:50:56,U055460,P00125,京东自营,四川省,绵阳市,2,1271.55,0.00,2543.10,已完成,微信支付
SO20260601000403,2026-06-01 10:50:56,U055460,P00114,京东自营,四川省,绵阳市,1,4430.46,667.08,3763.38,已完成,微信支付
SO20260601000404,2026-06-01 11:54:19,U013177,P00097,天猫旗舰店,江西省,赣州市,2,231.66,0.00,463.32,已完成,支付宝
SO20260601000405,2026-06-01 20:47:37,U031105,P00167,天猫旗舰店,山东省,烟台市,1,55.09,3.02,52.07,已取消,微信支付
SO20260601000405,2026-06-01 20:47:37,U031105,P00182,天猫旗舰店,山东省,烟台市,2,371.79,0.00,743.58,已取消,微信支付
SO20260601000406,2026-06-01 15:26:39,U017636,P00044,PC商城,浙江省,金华市,1,8162.26,1617.99,6544.27,已完成,微信支付
SO20260601000406,2026-06-01 15:26:39,U017636,P00167,PC商城,浙江省,金华市,1,80.78,18.04,62.74,已完成,微信支付
SO20260601000407,2026-06-01 12:45:51,U000909,P00106,微信小程序,北京市,北京市,1,523.33,0.00,523.33,已完成,支付宝
SO20260601000407,2026-06-01 12:45:51,U000909,P00145,微信小程序,北京市,北京市,3,1254.89,362.05,3402.62,已完成,支付宝
SO20260601000407,2026/06/01 12:45,U000909,P00141,微信小程序,北京市,北京市,1,340.81,52.80,288.01,已完成,支付宝
SO20260601000408,2026-06-01 16:57:23,U030740,P00012,微信小程序,辽宁省,大连市,1,4684.67,0.00,4684.67,已完成,微信支付
SO20260601000409,2026-06-01 16:02:53,U015466,P00010,微信小程序,浙江省,嘉兴市,3,318.21,0.00,954.63,已支付,支付宝
SO20260601000409,2026-06-01 16:02:53,U015466,P00109,微信小程序,浙江省,嘉兴市,1,1871.29,0.00,1871.29,已支付,支付宝
SO20260601000410,2026-06-01 15:58:35,U000183,P00197,微信小程序,广东省,,1,35.36,0.00,35.36,已取消,支付宝
SO20260601000410,2026-06-01 15:58:35,U000183,P00048,微信小程序,广东省,珠海市,1,6162.42,0.00,6162.42,已取消,支付宝
SO20260601000410,2026-06-01 15:58:35,U000183,P00105,微信小程序,广东省,珠海市,1,391.20,0.00,391.20,已取消,支付宝
SO20260601000411,2026-06-01 03:38:22,U039322,P00195,PC商城,江苏省,南京市,1,2625.52,0.00,2625.52,已完成,微信支付
SO20260601000411,2026-06-01 03:38:22,U039322,P00162,PC商城,江苏省,南京市,1,5810.77,0.00,5810.77,已完成,微信支付
SO20260601000412,2026-06-01T12:29:24,U043984,P00149,APP商城,湖南省,湘潭市,2,109.70,21.01,198.39,已完成,支付宝
SO20260601000413,2026-06-01 15:14:04,U053446,P00048,京东自营,浙江省,宁波市,1,996.75,0.00,996.75,已支付,支付宝
SO20260601000413,2026-06-01 15:14:04,U053446,P00189,京东自营,,宁波市,1,4658.17,270.79,4387.38,已支付,支付宝
SO20260601000413,2026-06-01 15:14:04,U053446,P00157,京东自营,浙江省,宁波市,1,316.87,66.19,250.68,已支付,支付宝
SO20260601000414,2026-06-01 07:30:29,U026558,P00062,天猫旗舰店,湖北省,襄阳市,1,3063.10,274.15,2788.95,已完成,支付宝
SO20260601000414,2026-06-01T07:30:29,U026558,P00177,天猫旗舰店,湖北省,襄阳市,1,891.71,0.00,891.71,已完成,支付宝
SO20260601000415,2026-06-31 10:00:00,U030670,P00048,京东自营,重庆市,重庆市,2,5812.34,0.00,11624.68,已支付,花呗
SO20260601000415,2026-06-01 21:07:21,U030670,P00097,京东自营,重庆市,重庆市,1,233.86,0.00,233.86,已支付,花呗
SO20260601000416,2026-06-01 17:00:34,U021078,P00064,APP商城,上海市,上海市,2,3042.83,0.00,6085.66,已完成,支付宝
SO20260601000416,2026/06/01 17:00,U021078,P00164,APP商城,上海市,上海市,1,172.32,0.00,172.32,已完成,支付宝
SO20260601000416,2026-06-01 17:00:34,U021078,P00150,APP商城,上海市,上海市,1,359.82,0.00,359.82,已完成,支付宝
SO20260601000417,,U047258,P00022,APP商城,江苏省,南京市,1,1394.59,329.62,1064.97,已完成,银行卡
SO20260601000418,2026-06-01 17:02:07,U008591,P00186,微信小程序,湖北省,武汉市,2,154.72,0.00,309.44,待付款,微信支付
SO20260601000418,2026-06-01 17:02:07,U008591,P00001,微信小程序,湖北省,武汉市,2,5912.49,0.00,11824.98,待付款,微信支付
SO20260601000418,2026-06-01 17:02:07,U008591,P00115,微信小程序,湖北省,武汉市,1,8457.40,1799.76,6657.64,待付款,微信支付
SO20260601000419,2026-06-01 11:24:42,U018030,P00107,京东自营,河北省,保定市,1,1692.91,259.29,1433.62,已完成,花呗
SO20260601000419,2026-06-01 11:24:42,U018030,P00013,京东自营,河北省,保定市,1,57.92,0.00,57.92,已完成,花呗
SO20260601000420,2026-06-01 08:40:45,U054510,P00085,京东自营,河南省,新乡市,1,751.55,109.00,642.55,已完成,支付宝
SO20260601000420,2026-06-01 08:40:45,U054510,P00156,京东自营,河南省,新乡市,2,6459.86,0.00,12919.72,已完成,支付宝
SO20260601000421,2026-06-01 11:41:30,U056190,P00128,微信小程序,四川省,绵阳市,1,966.98,62.64,904.34,已完成,支付宝
SO20260601000422,2026-06-01 19:45:05,U026999,P00058,PC商城,云南省,昆明市,1,2966.44,0.00,2966.44,已支付,支付宝
SO20260601000423,2026-06-01 18:28:07,U034344,P00058,京东自营,陕西省,咸阳市,1,28.40,0.00,28.40,已支付,支付宝
SO20260601000423,2026-06-01 18:28:07,U034344,P00166,京东自营,陕西省,咸阳市,3,934.38,0.00,2803.14,已支付,支付宝
SO20260601000424,2026-06-01 18:20:29,U042808,P00153,APP商城,广东省,珠海市,1,94.91,5.67,89.24,已完成,支付宝
SO20260601000424,2026-06-01 18:20:29,U042808,P00191,APP商城,广东省,珠海市,2,239.69,43.04,436.34,已完成,支付宝
SO20260601000424,2026/06/01 18:20,U042808,P00066,APP商城,广东省,珠海市,1,668.08,0.00,668.08,已完成,支付宝
SO20260601000425,2026/06/01 22:23,U057788,P00085,APP商城,江西省,南昌市,1,6460.21,867.68,5592.53,已完成,支付宝
SO20260601000425,2026-06-01 22:23:51,U057788,P00036,APP商城,江西省,南昌市,1,380.67,0.00,380.67,已完成,支付宝
SO20260601000425,2026-06-01 22:23:51,U057788,P00070,APP商城,江西省,南昌市,1,43.05,4.09,38.96,已完成,支付宝
SO20260601000426,2026-06-01 19:58:18,U019551,P00157,京东自营,上海市,,1,1845.63,434.29,1411.34,待付款,微信支付
SO20260601000426,2026-06-01 19:58:18,U019551,P00008,京东自营,上海市,上海市,1,522.39,0.00,522.39,待付款,微信支付
SO20260601000427,2026-06-01 06:43:32,U001835,P00163,APP商城,福建省,厦门市,2,6468.88,0.00,12937.76,已支付,微信支付
SO20260601000427,2026/06/01 06:43,U001835,P00034,APP商城,福建省,厦门市,2,2722.23,534.29,4910.17,已支付,微信支付
SO20260601000427,2026-06-01 06:43:32,U001835,P00087,APP商城,福建省,厦门市,5,378.54,295.36,1597.34,已支付,微信支付
SO20260601000428,2026-06-01T10:51:18,U028767,P00004,APP商城,广东省,深圳市,2,663.73,261.15,1066.31,已完成,支付宝
SO20260601000429,2026-06-01T12:47:02,U002473,P00169,APP商城,江苏省,南通市,2,777.24,278.54,1275.94,已完成,支付宝
SO20260601000429,2026-06-01 12:47:02,U002473,P00081,APP商城,江苏省,南通市,1,41.42,0.00,41.42,已完成,支付宝
SO20260601000430,2026-06-01 19:32:11,U041681,P00007,京东自营,广东省,深圳市,1,1652.41,0.00,1652.41,已完成,支付宝
SO20260601000431,2026/06/01 16:00,U040454,P00191,京东自营,广东省,佛山市,1,497.66,0.00,497.66,已完成,支付宝
SO20260601000432,2026-06-01 18:42:53,U029945,P00149,京东自营,安徽省,合肥市,1,273.47,0.00,273.47,已完成,支付宝
SO20260601000433,2026-06-01 10:08:01,U039559,P00195,APP商城,上海市,上海市,2,284.72,0.00,569.44,已完成,微信支付
SO20260601000433,2026-06-01 10:08:01,U039559,P00110,APP商城,上海市,上海市,2,146.88,20.75,273.01,已完成,微信支付
SO20260601000433,2026/06/01 10:08,U039559,P00198,APP商城,上海市,上海市,1,1298.13,0.00,1298.13,已完成,微信支付
SO20260601000434,2026-06-01 15:32:05,U041655,P00151,天猫旗舰店,辽宁省,沈阳市,1,824.60,0.00,824.60,已支付,支付宝
SO20260601000434,2026-06-01 15:32:05,U041655,P00151,天猫旗舰店,辽宁省,沈阳市,1,777.84,0.00,777.84,已支付,支付宝
SO20260601000434,2026-06-01 15:32:05,U041655,P00125,天猫旗舰店,辽宁省,沈阳市,1,227.43,15.80,211.63,已支付,支付宝
SO20260601000435,2026-06-01 15:55:37,U050936,P00002,APP商城,广东省,深圳市,2,114.23,38.11,190.35,已支付,支付宝
SO20260601000436,2026-06-01 09:49:27,U039041,P00165,微信小程序,湖北省,襄阳市,1,6362.66,0.00,6362.66,已完成,微信支付
SO20260601000437,2026-06-01 18:08:55,U040284,P00056,天猫旗舰店,广东省,广州市,1,223.14,13.05,210.09,已完成,支付宝
SO20260601000438,2026-06-01 07:18:31,U008270,P00012,PC商城,福建省,泉州市,1,774.55,0.00,774.55,已完成,支付宝
SO20260601000439,2026-06-01 21:28:05,U028921,P00158,APP商城,河南省,洛阳市,1,73.09,0.00,73.09,已完成,银行卡
SO20260601000439,2026-06-01 21:28:05,U028921,P00169,APP商城,河南省,洛阳市,4,220.87,64.22,819.26,已完成,银行卡
SO20260601000440,2026-06-01 18:23:33,U000312,P00175,PC商城,广东省,珠海市,3,5500.32,0.00,16500.96,已取消,支付宝
SO20260601000440,2026-06-01 18:23:33,U000312,P00133,PC商城,广东省,珠海市,1,8587.11,0.00,8587.11,已取消,支付宝
SO20260601000440,2026-06-01 18:23:33,U000312,P00067,PC商城,广东省,珠海市,1,277.22,0.00,277.22,已取消,支付宝
SO20260601000441,2026-06-01 10:46:27,U057373,P00061,APP商城,安徽省,芜湖市,1,958.21,0.00,958.21,已支付,支付宝
SO20260601000442,2026-06-01 17:09:31,U042203,P00148,天猫旗舰店,上海市,上海市,1,583.53,75.26,508.27,已完成,银行卡
SO20260601000442,2026-06-01 17:09:31,U042203,P00197,天猫旗舰店,上海市,上海市,1,3188.93,395.68,2793.25,已完成,银行卡
SO20260601000443,2026-06-01 09:33:47,U059996,P00172,APP商城,广东省,东莞市,1,732.50,0.00,732.50,已完成,微信支付
SO20260601000443,2026-06-01 09:33:47,U059996,P00113,APP商城,广东省,东莞市,1,251.50,15.72,235.78,已完成,微信支付
SO20260601000444,2026-06-01 22:29:09,U033459,P00073,APP商城,江苏省,常州市,1,509.40,0.00,509.40,已完成,微信支付
SO20260601000444,2026-06-01 22:29:09,U033459,P00090,APP商城,江苏省,常州市,1,243.91,0.00,243.91,已完成,微信支付
SO20260601000444,2026-06-01 22:29:09,U033459,P00017,APP商城,江苏省,常州市,1,6746.76,0.00,6746.76,已完成,微信支付
SO20260601000445,2026-06-01T08:28:59,U059248,P00128,京东自营,浙江省,嘉兴市,1,7582.59,1139.09,6443.50,已支付,微信支付
SO20260601000446,2026-06-01 14:59:55,U017397,P00077,天猫旗舰店,湖北省,襄阳市,1,409.08,89.03,320.05,已完成,支付宝
SO20260601000447,2026-06-01 19:29:36,U006235,P00098,APP商城,广东省,深圳市,1,511.39,0.00,511.39,已完成,微信支付
SO20260601000447,2026-06-01 19:29:36,U006235,P00175,APP商城,广东省,深圳市,2,2801.01,0.00,5602.02,已完成,微信支付
SO20260601000448,2026-06-01T11:13:36,U042139,P00178,微信小程序,广东省,珠海市,1,1853.14,0.00,1853.14,待付款,支付宝
SO20260601000448,2026-06-01 11:13:36,U042139,P00007,微信小程序,广东省,珠海市,1,411.94,70.11,341.83,待付款,支付宝
SO20260601000448,2026-06-01 11:13:36,U042139,P00036,微信小程序,广东省,珠海市,1,167.50,0.00,167.50,待付款,支付宝
SO20260601000449,2026-06-01 18:14:18,U028419,P00101,PC商城,江西省,南昌市,2,458.00,0.00,916.00,已完成,支付宝
SO20260601000449,2026-06-01 18:14:18,U028419,P00188,PC商城,江西省,南昌市,1,130.79,0.00,130.79,已完成,支付宝
SO20260601000450,2026-06-01 19:59:14,U024784,P00017,PC商城,江西省,赣州市,1,276.51,40.71,235.80,已完成,花呗
SO20260601000451,2026/06/01 17:50,U014522,P00113,APP商城,上海市,上海市,4,3570.87,3266.25,11017.23,已完成,微信支付
SO20260601000452,2026-06-01T04:29:35,U022910,P00005,PC商城,四川省,绵阳市,1,193.95,32.89,161.06,已支付,支付宝
SO20260601000453,2026-06-01 11:59:38,U016038,P00046,PC商城,江苏省,常州市,1,982.06,0.00,982.06,已完成,微信支付
SO20260601000454,2026-06-01 19:51:22,U004986,P00088,微信小程序,河南省,洛阳市,1,336.09,75.71,260.38,已完成,支付宝
SO20260601000454,2026-06-01 19:51:22,U004986,P00075,微信小程序,河南省,洛阳市,1,152.77,0.00,152.77,已完成,支付宝
SO20260601000454,2026-06-01 19:51:22,U004986,P00106,微信小程序,河南省,洛阳市,2,5713.49,0.00,11426.98,已完成,支付宝
SO20260601000455,2026-06-01 07:47:44,U055785,P00021,APP商城,北京市,北京市,1,545.77,0.00,545.77,待付款,花呗
SO20260601000455,2026-06-01 07:47:44,U055785,P00176,APP商城,北京市,北京市,1,249.81,55.45,194.36,待付款,花呗
SO20260601000456,2026-06-01 06:20:40,U009629,P00088,APP商城,北京市,北京市,1,4856.56,1151.06,3705.50,已完成,微信支付
SO20260601000456,2026-06-01 06:20:40,U009629,P00104,APP商城,北京市,北京市,1,889.62,183.45,706.17,已完成,微信支付
SO20260601000456,2026-06-01 06:20:40,U009629,P00012,APP商城,北京市,北京市,2,3479.46,0.00,6958.92,已完成,微信支付
SO20260601000457,2026-06-01 16:48:07,U019759,P00075,天猫旗舰店,陕西省,咸阳市,1,872.99,0.00,872.99,已完成,微信支付
SO20260601000458,2026-06-01 21:02:19,U018794,P00066,PC商城,,株洲市,1,1248.08,208.33,1039.75,已完成,微信支付
SO20260601000459,2026-06-01 13:17:41,U046709,P00179,天猫旗舰店,辽宁省,大连市,1,1358.05,0.00,1358.05,已完成,银行卡
SO20260601000460,2026-06-01 19:50:20,U051516,P00072,APP商城,河北省,保定市,1,375.05,0.00,375.05,已完成,支付宝
SO20260601000460,2026-06-01 19:50:20,U051516,P00193,APP商城,河北省,保定市,1,1207.79,72.71,1135.08,已完成,支付宝
SO20260601000460,2026-06-01T19:50:20,U051516,P00010,APP商城,,保定市,1,1874.99,231.49,1643.50,已完成,支付宝
SO20260601000461,2026-06-01 20:52:09,U022207,P00171,APP商城,福建省,泉州市,1,1357.10,0.00,1357.10,待付款,支付宝
SO20260601000461,2026-06-01 20:52:09,U022207,P00016,APP商城,福建省,泉州市,1,3492.30,0.00,3492.30,待付款,支付宝
SO20260601000462,2026-06-01 17:11:36,U044796,P00030,PC商城,湖北省,武汉市,1,4763.00,346.42,4416.58,已完成,银行卡
SO20260601000462,2026-06-01 17:11:36,U044796,P00090,PC商城,湖北省,武汉市,1,281.92,0.00,281.92,已完成,银行卡
SO20260601000463,2026-06-01 12:01:55,U044755,P00045,微信小程序,湖北省,襄阳市,1,857.93,109.13,748.80,已支付,花呗
SO20260601000463,2026-06-01 12:01:55,U044755,P00068,微信小程序,湖北省,襄阳市,1,25.83,6.08,19.75,已支付,花呗
SO20260601000463,2026-06-01 12:01:55,U044755,P00050,微信小程序,湖北省,襄阳市,1,879.56,175.53,704.03,已支付,花呗
SO20260601000464,2026-06-01 23:59:35,U018981,P00055,天猫旗舰店,湖北省,宜昌市,1,1100.73,0.00,1100.73,待付款,微信支付
SO20260601000464,2026-06-01 23:59:35,U018981,P00035,天猫旗舰店,湖北省,宜昌市,1,164.30,0.00,164.30,待付款,微信支付
SO20260601000465,2026-06-01 13:00:39,U050918,P00067,PC商城,浙江省,温州市,1,1274.62,0.00,1274.62,已完成,微信支付
SO20260601000465,2026/06/01 13:00,U050918,P00024,PC商城,浙江省,温州市,1,382.71,61.38,321.33,已完成,微信支付
SO20260601000466,2026-06-01 13:12:46,U052512,P00054,京东自营,北京市,北京市,1,4728.06,0.00,4728.06,已退款,微信支付
SO20260601000467,2026-06-01 18:08:13,U019230,P00140,PC商城,广东省,广州市,1,268.04,0.00,268.04,已完成,支付宝
SO20260601000467,2026-06-01 18:08:13,U019230,P00190,PC商城,广东省,广州市,3,7732.76,0.00,23198.28,已完成,支付宝
SO20260601000468,2026/06/01 16:21,U009181,P00153,APP商城,四川省,宜宾市,1,776.92,174.69,602.23,已完成,支付宝
SO20260601000468,2026-06-01 16:21:31,U009181,P00071,APP商城,四川省,宜宾市,1,2498.61,488.77,2009.84,已完成,支付宝
SO20260601000468,2026-06-01 16:21:31,U009181,P00174,APP商城,四川省,宜宾市,1,761.62,82.03,679.59,已完成,支付宝
SO20260601000469,2026-06-01 18:58:54,U053397,P00089,APP商城,重庆市,重庆市,1,386.12,42.80,343.32,已完成,银行卡
SO20260601000470,2026-06-01 12:10:26,U008006,P00192,APP商城,山西省,太原市,1,4270.14,0.00,4270.14,已完成,支付宝
SO20260601000470,2026-06-01 12:10:26,U008006,P00185,APP商城,山西省,太原市,2,4269.84,1482.65,7057.03,已完成,支付宝
SO20260601000471,2026-06-01 19:24:21,U030055,P00075,PC商城,重庆市,重庆市,1,4218.31,0.00,4218.31,已完成,微信支付
SO20260601000472,2026-06-01 16:56:28,U045409,P00031,微信小程序,浙江省,杭州市,3,6589.19,0.00,19767.57,已支付,支付宝
SO20260601000472,2026-06-01 16:56:28,U045409,P00133,微信小程序,浙江省,杭州市,2,295.47,0.00,590.94,已支付,支付宝
SO20260601000473,2026/06/01 19:43,U016937,P00128,微信小程序,广东省,珠海市,1,189.61,18.31,171.30,已完成,支付宝
SO20260601000473,2026/06/01 19:43,U016937,P00191,微信小程序,广东省,珠海市,1,2407.46,475.38,1932.08,已完成,支付宝
SO20260601000473,2026/06/01 19:43,U016937,P00050,微信小程序,广东省,珠海市,1,371.11,0.00,371.11,已完成,支付宝
SO20260601000474,2026/06/01 08:14,U006650,P00180,微信小程序,福建省,泉州市,1,1016.30,197.63,818.67,已取消,支付宝
SO20260601000475,2026-06-01 12:02:28,U024023,P00091,APP商城,江苏省,南通市,1,3275.40,0.00,3275.40,已取消,微信支付
SO20260601000476,2026-06-01 19:06:40,U011676,P00017,APP商城,福建省,福州市,1,312.52,24.43,288.09,已完成,银行卡
SO20260601000476,2026-06-01 19:06:40,U011676,P00030,APP商城,福建省,福州市,1,690.20,0.00,690.20,已完成,银行卡
SO20260601000476,2026-06-01 19:06:40,U011676,P00050,APP商城,福建省,福州市,1,715.18,72.51,642.67,已完成,银行卡
SO20260601000477,2026-06-01 16:16:24,U055133,P00025,PC商城,上海市,上海市,1,912.25,0.00,912.25,已支付,支付宝
SO20260601000478,2026-06-01 08:00:12,U059192,P00089,天猫旗舰店,广东省,珠海市,2,817.51,0.00,1635.02,已完成,支付宝
SO20260601000478,2026-06-01 08:00:12,U059192,P00119,天猫旗舰店,广东省,珠海市,1,108.98,0.00,108.98,已完成,支付宝
SO20260601000479,2026-06-01 11:03:56,U040668,P00199,微信小程序,山东省,烟台市,1,261.30,25.59,235.71,已完成,货到付款
SO20260601000480,2026-06-01 07:10:52,U043530,P00076,天猫旗舰店,黑龙江省,哈尔滨市,1,2663.94,0.00,2663.94,已完成,微信支付
SO20260601000481,2026-06-01 21:35:26,U015744,P00196,微信小程序,广东省,广州市,1,472.16,66.42,405.74,已完成,微信支付
SO20260601000482,2026-06-01 03:48:12,U047220,P00137,APP商城,四川省,成都市,2,7979.15,2640.75,13317.55,已完成,微信支付
SO20260601000482,2026-06-01 03:48:12,U047220,P00157,APP商城,四川省,成都市,1,5902.87,0.00,5902.87,已完成,微信支付
SO20260601000483,2026-06-01 11:41:54,U056928,P00144,APP商城,山东省,烟台市,2,1959.52,0.00,3919.04,已完成,花呗
SO20260601000483,2026-06-01 11:41:54,U056928,P00179,APP商城,山东省,烟台市,1,374.02,61.46,312.56,已完成,花呗
SO20260601000484,2026-06-01 10:07:40,U022446,P00194,天猫旗舰店,四川省,宜宾市,2,2114.89,900.54,3329.24,已完成,支付宝
SO20260601000485,2026-06-01 19:03:34,U008764,P00179,APP商城,山东省,临沂市,1,1529.19,87.09,1442.10,已完成,支付宝
SO20260601000486,2026-06-01 16:07:01,U017339,P00187,京东自营,福建省,泉州市,1,50.60,0.00,50.60,已退款,微信支付
SO20260601000486,2026-06-01 16:07:01,U017339,P00141,京东自营,福建省,泉州市,2,1761.74,0.00,3523.48,已退款,微信支付
SO20260601000486,2026-06-01 16:07:01,U017339,P00132,京东自营,福建省,泉州市,2,4138.08,0.00,8276.16,已退款,微信支付
SO20260601000487,2026-06-01 23:22:25,U041976,P00183,PC商城,广东省,佛山市,1,889.37,0.00,889.37,已完成,微信支付
SO20260601000487,2026-06-01 23:22:25,U041976,P00015,PC商城,广东省,佛山市,1,609.33,0.00,609.33,已完成,微信支付
SO20260601000487,2026-06-01 23:22:25,U041976,P00104,PC商城,广东省,佛山市,1,182.84,0.00,182.84,已完成,微信支付
SO20260601000488,2026-06-01 22:17:18,U041388,P00033,APP商城,北京市,北京市,2,243.37,0.00,486.74,已完成,微信支付
SO20260601000489,2026-06-01 08:21:17,U030032,P00195,京东自营,河北省,唐山市,2,298.50,122.61,474.39,已完成,支付宝
SO20260601000489,2026-06-01 08:21:17,U030032,P00135,京东自营,河北省,唐山市,1,339.94,0.00,339.94,已完成,支付宝
SO20260601000489,2026-06-01 08:21:17,U030032,P00010,京东自营,河北省,唐山市,1,1256.76,128.89,1127.87,已完成,支付宝
SO20260601000490,2026-06-01 07:02:08,U028192,P00089,PC商城,北京市,北京市,1,4883.67,760.31,4123.36,已完成,微信支付
SO20260601000490,2026-06-01 07:02:08,U028192,P00122,PC商城,北京市,北京市,1,896.19,0.00,896.19,已完成,微信支付
SO20260601000490,2026-06-01 07:02:08,U028192,P00119,PC商城,,北京市,1,154.60,0.00,154.60,已完成,微信支付
SO20260601000491,invalid_time,U055116,P00194,APP商城,广东省,广州市,1,137.81,26.53,111.28,已完成,花呗
SO20260601000491,2026-06-01 08:05:52,U055116,P00145,APP商城,广东省,广州市,1,8106.67,1491.26,6615.41,已完成,花呗
SO20260601000491,2026-06-01 08:05:52,U055116,P00106,APP商城,广东省,广州市,1,5118.82,764.33,4354.49,已完成,花呗
SO20260601000492,2026/06/01 10:33,U018079,P00092,天猫旗舰店,云南省,昆明市,1,321.27,0.00,321.27,已完成,微信支付
SO20260601000493,2026-06-01 16:38:11,U023570,P00176,天猫旗舰店,江苏省,南京市,1,1808.79,358.91,1449.88,已完成,微信支付
SO20260601000493,2026-06-01 16:38:11,U023570,P00054,天猫旗舰店,江苏省,南京市,2,1371.80,0.00,2743.60,已完成,微信支付
SO20260601000493,2026-06-01 16:38:11,U023570,P00181,天猫旗舰店,江苏省,南京市,2,1395.11,0.00,2790.22,已完成,微信支付
SO20260601000494,2026-06-01 22:09:00,U017023,P00167,天猫旗舰店,河北省,保定市,1,507.54,0.00,507.54,已完成,微信支付
SO20260601000494,2026-06-01 22:09:00,U017023,P00189,天猫旗舰店,河北省,保定市,1,6719.47,0.00,6719.47,已完成,微信支付
SO20260601000495,2026-06-01 11:16:57,U054862,P00101,APP商城,湖北省,宜昌市,1,365.38,31.39,333.99,已完成,支付宝
SO20260601000496,2026-06-01 18:11:16,U007346,P00090,APP商城,四川省,绵阳市,3,173.01,71.51,447.52,已完成,支付宝
SO20260601000496,2026-06-01 18:11:16,U007346,P00084,APP商城,四川省,绵阳市,1,770.34,109.70,660.64,已完成,
SO20260601000497,2026-06-01 23:43:07,U045611,P00177,天猫旗舰店,浙江省,宁波市,2,966.42,0.00,1932.84,已完成,银行卡
SO20260601000497,2026/06/01 23:43,U045611,P00045,天猫旗舰店,浙江省,宁波市,3,33.37,7.98,92.13,已完成,银行卡
SO20260601000498,2026-06-01T07:45:48,U056041,P00134,APP商城,湖北省,襄阳市,1,4326.59,0.00,4326.59,已支付,微信支付
SO20260601000499,2026-06-01 20:50:15,U016689,P00134,APP商城,浙江省,金华市,5,778.67,611.01,3282.34,已完成,支付宝
SO20260601000499,2026-06-01 20:50:15,U016689,P00104,APP商城,浙江省,金华市,1,4168.05,0.00,4168.05,已完成,支付宝
SO20260601000499,2026-06-01 20:50:15,U016689,P00176,APP商城,浙江省,金华市,1,195.48,0.00,195.48,已完成,支付宝
SO20260601000500,2026-06-01 10:45:56,U021856,P00181,天猫旗舰店,湖北省,武汉市,2,447.83,0.00,895.66,已取消,微信支付
SO20260601000501,2026-06-01 11:04:37,U028941,P00025,APP商城,山东省,潍坊市,1,138.47,15.43,123.04,已完成,银行卡
SO20260601000501,2026-06-01 11:04:37,U028941,P00013,APP商城,山东省,潍坊市,1,5099.38,374.06,4725.32,已完成,银行卡
SO20260601000502,2026-06-01 15:02:08,U050071,P00012,APP商城,河北省,唐山市,1,2408.91,0.00,2408.91,已完成,微信支付
SO20260601000502,2026-06-01 15:02:08,U050071,P00112,APP商城,河北省,唐山市,1,531.47,0.00,531.47,已完成,微信支付
SO20260601000503,2026-06-01 07:12:46,U058506,P00067,PC商城,广东省,佛山市,1,1995.60,0.00,1995.60,已完成,支付宝
SO20260601000504,2026-06-01 14:30:15,U025050,P00152,APP商城,广东省,珠海市,2,66.22,31.81,100.63,待付款,支付宝
SO20260601000504,2026/13/45 25:61:00,U025050,P00042,APP商城,广东省,珠海市,1,5421.95,1188.12,4233.83,待付款,支付宝
SO20260601000505,2026-06-01 17:46:05,U057835,P00015,天猫旗舰店,河北省,保定市,2,388.59,120.19,656.99,已完成,微信支付
SO20260601000505,2026-06-01 17:46:05,U057835,P00169,天猫旗舰店,河北省,保定市,1,2214.94,0.00,2214.94,已完成,微信支付
SO20260601000506,2026-06-01 19:04:25,U043704,P00054,天猫旗舰店,河南省,南阳市,1,198.90,0.00,198.90,已完成,微信支付
SO20260601000507,2026-06-01 22:32:10,U050496,P00032,APP商城,湖北省,襄阳市,1,191.72,44.77,146.95,已完成,微信支付
SO20260601000507,2026-06-01 22:32:10,U050496,P00051,APP商城,湖北省,襄阳市,2,1382.25,550.90,2213.60,已完成,微信支付
SO20260601000508,2026-06-01T10:01:35,U034601,P00059,京东自营,四川省,成都市,2,1609.00,0.00,3218.00,已支付,花呗
SO20260601000508,2026-06-01 10:01:35,U034601,P00143,京东自营,四川省,成都市,1,1107.83,60.84,1046.99,已支付,花呗
SO20260601000509,2026-06-01 18:06:30,U044441,P00168,PC商城,山东省,青岛市,1,1918.51,0.00,1918.51,已退款,花呗
SO20260601000509,2026-06-01 18:06:30,U044441,P00191,PC商城,山东省,青岛市,1,241.54,0.00,241.54,已退款,花呗
SO20260601000510,2026-06-01 20:00:54,U012227,P00167,微信小程序,河北省,保定市,1,1816.69,0.00,1816.69,已支付,微信支付
SO20260601000511,2026-06-01 07:57:30,U008043,P00053,APP商城,河南省,新乡市,3,108.52,29.16,296.40,待付款,微信支付
SO20260601000512,2026-06-01 15:59:52,U008249,P00178,京东自营,山东省,临沂市,1,300.44,0.00,300.44,已退款,支付宝
SO20260601000513,2026-06-01 17:17:43,U020224,P00033,APP商城,安徽省,合肥市,1,247.46,39.45,208.01,已完成,支付宝
SO20260601000513,2026/06/01 17:17,U020224,P00171,APP商城,安徽省,合肥市,1,194.88,0.00,194.88,已完成,支付宝
SO20260601000513,2026-06-01 17:17:43,U020224,P00160,APP商城,安徽省,合肥市,1,167.86,0.00,167.86,已完成,支付宝
SO20260601000514,2026/06/01 21:33,U001577,P00113,天猫旗舰店,安徽省,芜湖市,4,3920.31,0.00,15681.24,已完成,微信支付
SO20260601000515,2026-06-01 18:57:06,U054622,P00175,APP商城,江苏省,常州市,1,4342.91,0.00,4342.91,已完成,微信支付
SO20260601000516,2026-06-01 14:28:30,U004103,P00130,京东自营,陕西省,西安市,2,1818.06,785.44,2850.68,已完成,货到付款
SO20260601000516,2026-06-01 14:28:30,U004103,P00031,京东自营,陕西省,西安市,2,129.53,0.00,259.06,已完成,货到付款
SO20260601000517,2026-06-01 11:56:12,U004225,P00176,微信小程序,浙江省,宁波市,1,856.55,0.00,856.55,已支付,微信支付
SO20260601000518,2026/06/01 11:12,U057909,P00126,PC商城,安徽省,芜湖市,1,129.17,31.57,97.60,已完成,支付宝
SO20260601000519,2026/06/01 20:30,U031497,P00068,微信小程序,山东省,烟台市,1,1595.70,268.17,1327.53,已完成,支付宝
SO20260601000519,2026-06-01 20:30:28,U031497,P00103,微信小程序,山东省,烟台市,1,369.79,0.00,369.79,已完成,支付宝
SO20260601000520,2026/13/45 25:61:00,U029680,P00021,PC商城,广东省,深圳市,2,3797.55,1897.99,5697.11,已退款,微信支付
SO20260601000520,2026-06-01 16:38:15,U029680,P00115,PC商城,广东省,深圳市,1,92.11,0.00,92.11,已退款,微信支付
SO20260601000521,2026-06-01 10:11:29,U056801,P00022,微信小程序,黑龙江省,哈尔滨市,1,417.02,0.00,417.02,已完成,银行卡
SO20260601000521,2026-06-01 10:11:29,U056801,P00087,微信小程序,黑龙江省,哈尔滨市,3,825.57,415.38,2061.33,已完成,银行卡
SO20260601000521,2026-06-01 10:11:29,U056801,P00105,微信小程序,黑龙江省,哈尔滨市,4,791.12,0.00,3164.48,已完成,银行卡
SO20260601000522,2026-06-01 14:01:21,U007758,P00026,APP商城,河南省,南阳市,2,977.39,0.00,1954.78,已完成,微信支付
SO20260601000522,2026-06-01 14:01:21,U007758,P00020,APP商城,河南省,,1,1645.33,253.40,1391.93,已完成,微信支付
SO20260601000523,2026-06-01 18:20:50,U052357,P00144,APP商城,四川省,宜宾市,1,146.12,0.00,146.12,已完成,微信支付
SO20260601000523,2026-06-01 18:20:50,U052357,P00153,APP商城,四川省,宜宾市,1,81.38,16.26,65.12,已完成,微信支付
SO20260601000524,2026-06-01 09:49:01,U008905,P00073,微信小程序,江苏省,南京市,2,640.34,0.00,1280.68,已支付,微信支付
SO20260601000524,2026-06-01 09:49:01,U008905,P00115,微信小程序,江苏省,南京市,1,1722.39,0.00,1722.39,已支付,微信支付
SO20260601000525,2026-06-01 16:51:50,U005282,P00026,微信小程序,广东省,佛山市,1,1216.14,0.00,1216.14,已完成,微信支付
SO20260601000526,2026-06-01 06:56:22,U008222,P00174,PC商城,上海市,上海市,2,223.06,0.00,446.12,已完成,微信支付
SO20260601000526,2026-06-01 06:56:22,U008222,P00111,PC商城,上海市,上海市,1,2112.21,0.00,2112.21,已完成,微信支付
SO20260601000526,2026/06/01 06:56,U008222,P00003,PC商城,上海市,上海市,2,3859.62,0.00,7719.24,已完成,微信支付
SO20260601000527,2026-06-01 11:58:46,U011018,P00135,PC商城,河南省,郑州市,1,1150.94,0.00,1150.94,已完成,微信支付
SO20260601000527,2026-06-01 11:58:46,U011018,P00182,PC商城,河南省,郑州市,1,181.41,22.91,158.50,已完成,微信支付
SO20260601000528,2026-06-01 15:38:57,U005842,P00037,PC商城,浙江省,宁波市,4,512.98,0.00,2051.92,已完成,花呗
SO20260601000529,2026-06-01 21:10:14,U027745,P00077,APP商城,辽宁省,大连市,1,956.71,0.00,956.71,已完成,支付宝
SO20260601000529,2026-06-01 21:10:14,U027745,P00055,APP商城,辽宁省,大连市,1,352.99,0.00,352.99,已完成,支付宝
SO20260601000530,2026-06-01 13:24:19,U022287,P00137,微信小程序,江苏省,南通市,-1,341.47,55.16,286.31,已支付,货到付款
SO20260601000530,2026-06-01 13:24:19,U022287,P00166,微信小程序,江苏省,南通市,1,569.69,0.00,569.69,已支付,货到付款
SO20260601000530,2026-06-01 13:24:19,U022287,P00135,微信小程序,江苏省,南通市,4,1878.99,511.90,7004.06,已支付,货到付款
SO20260601000531,2026-06-01 13:48:29,U018131,P00081,APP商城,北京市,北京市,1,1934.12,270.78,1663.34,已完成,支付宝
SO20260601000532,2026-06-01 15:31:12,U014689,P00092,APP商城,安徽省,合肥市,1,856.63,127.87,728.76,已完成,微信支付
SO20260601000532,2026-06-01 15:31:12,U014689,P00125,APP商城,安徽省,合肥市,1,686.27,45.86,640.41,已完成,微信支付
SO20260601000533,2026-06-01 18:26:43,U002376,P00136,天猫旗舰店,,株洲市,1,345.81,18.29,327.52,已完成,花呗
SO20260601000534,2026-06-01 00:08:48,U010454,P00087,PC商城,黑龙江省,哈尔滨市,1,3057.21,239.25,2817.96,已支付,微信支付
SO20260601000534,2026/06/01 00:08,U010454,P00166,PC商城,黑龙江省,哈尔滨市,1,6769.71,0.00,6769.71,已支付,微信支付
SO20260601000534,2026-06-01 00:08:48,U010454,P00096,PC商城,黑龙江省,哈尔滨市,5,964.85,523.42,4300.83,已支付,微信支付
SO20260601000534,2026-06-01 00:08:48,U010454,P00096,PC商城,黑龙江省,哈尔滨市,5,964.85,523.42,4300.83,已支付,微信支付
SO20260601000535,2026-06-01T09:06:07,U014227,P00051,京东自营,湖南省,湘潭市,1,8452.31,0.00,8452.31,已完成,银行卡
SO20260601000535,2026-06-01 09:06:07,U014227,P00161,京东自营,湖南省,湘潭市,2,6038.07,2068.41,10007.73,已完成,银行卡
SO20260601000535,2026-06-01 09:06:07,U014227,P00101,京东自营,湖南省,湘潭市,1,2452.74,401.51,2051.23,待确认,银行卡
SO20260601000536,2026-06-01 07:34:50,U010264,P00105,APP商城,陕西省,咸阳市,2,1121.77,236.32,2007.22,已支付,支付宝
SO20260601000537,2026-06-01 07:28:14,U040817,P00092,微信小程序,河北省,石家庄市,1,70.85,13.01,57.84,已完成,支付宝
SO20260601000538,2026-06-01 18:05:13,U025628,P00140,天猫旗舰店,江苏省,苏州市,2,120.56,0.00,241.12,待付款,微信支付
SO20260601000539,2026-06-01 16:02:37,U007333,P00139,APP商城,山东省,烟台市,2,44.53,0.00,89.06,已支付,货到付款
SO20260601000539,2026-06-01 16:02:37,U007333,P00034,APP商城,山东省,烟台市,1,1923.53,0.00,1923.53,已支付,货到付款
SO20260601000539,2026-06-01 16:02:37,U007333,P00187,APP商城,山东省,烟台市,4,2784.64,0.00,11138.56,已支付,货到付款
SO20260601000540,2026-06-01 07:27:00,U032749,P00022,APP商城,广东省,广州市,5,358.18,0.00,1790.90,已支付,支付宝
SO20260601000541,2026-06-01 14:57:32,U031168,P00058,天猫旗舰店,浙江省,宁波市,1,1118.90,96.38,1022.52,已完成,银行卡
SO20260601000541,2026-06-01 14:57:32,U031168,P00002,天猫旗舰店,浙江省,宁波市,5,5220.26,6358.27,19743.03,已完成,银行卡
SO20260601000542,2026-06-01 13:47:01,U036334,P00010,微信小程序,浙江省,宁波市,1,137.49,0.00,137.49,已完成,银行卡
SO20260601000543,2026-06-01 07:01:07,U048497,P00090,微信小程序,湖南省,湘潭市,2,673.80,0.00,1347.60,已完成,支付宝
SO20260601000544,2026-06-01 20:44:27,U048241,P00176,天猫旗舰店,浙江省,金华市,2,1365.24,0.00,2730.48,已完成,支付宝
SO20260601000545,2026-06-01 10:42:09,U059940,P00199,京东自营,云南省,昆明市,5,188.73,128.37,815.28,已完成,支付宝
SO20260601000545,2026-06-01 10:42:09,U059940,P00056,京东自营,云南省,昆明市,2,7805.62,0.00,15611.24,已完成,支付宝
SO20260601000545,2026-06-01 10:42:09,U059940,P00140,京东自营,云南省,昆明市,4,8306.72,1738.71,31488.17,已完成,支付宝
SO20260601000546,2026-06-01 19:56:37,U024898,P00173,微信小程序,四川省,宜宾市,1,1764.78,195.64,1569.14,已完成,花呗
SO20260601000547,2026-06-01 07:03:22,U008861,P00132,微信小程序,河南省,郑州市,1,220.51,49.22,171.29,已完成,支付宝
SO20260601000547,2026-06-01 07:03:22,U008861,P00092,微信小程序,河南省,郑州市,1,971.16,0.00,971.16,已完成,支付宝
SO20260601000548,2026-06-01T18:31:58,U034378,P00117,微信小程序,湖南省,株洲市,1,384.61,87.57,297.04,已完成,支付宝
SO20260601000549,2026/06/01 21:51,U013011,P00071,京东自营,江苏省,无锡市,1,109.70,0.00,109.70,已完成,支付宝
SO20260601000550,2026-06-01 18:15:41,U012152,P00109,微信小程序,四川省,宜宾市,3,1790.24,0.00,5370.72,已完成,支付宝
SO20260601000550,2026-06-01 18:15:41,U012152,P00146,微信小程序,四川省,宜宾市,1,2261.84,519.57,1742.27,已完成,支付宝
SO20260601000550,2026-06-01 18:15:41,U012152,P00002,微信小程序,四川省,宜宾市,1,7084.69,0.00,7084.69,已完成,支付宝
SO20260601000551,2026-06-01 16:21:28,U025032,P00171,微信小程序,河南省,洛阳市,1,912.02,100.41,811.61,已支付,微信支付
SO20260601000551,2026/06/01 16:21,U025032,P00134,微信小程序,河南省,洛阳市,1,370.44,25.24,345.20,已支付,微信支付
SO20260601000552,2026-06-01 14:26:42,U013989,P00189,京东自营,浙江省,温州市,1,118.74,0.00,118.74,待付款,微信支付
SO20260601000553,2026-06-01 16:14:57,U059141,P00146,微信小程序,陕西省,西安市,1,138.95,0.00,138.95,已完成,微信支付
SO20260601000553,2026-06-01T16:14:57,U059141,P00046,微信小程序,陕西省,西安市,1,6196.81,1499.26,4697.55,已完成,微信支付
SO20260601000554,2026-06-01 18:22:22,U049363,P00066,微信小程序,广东省,珠海市,2,1813.62,385.62,3241.62,已完成,微信支付
SO20260601000554,2026-06-01 18:22:22,U049363,P00169,微信小程序,广东省,珠海市,4,711.13,178.56,2665.96,已完成,微信支付
SO20260601000555,2026-06-01 16:01:50,U032699,P00188,微信小程序,北京市,,2,827.37,196.58,1458.16,已支付,微信支付
SO20260601000555,2026-06-01 16:01:50,U032699,P00077,微信小程序,北京市,北京市,1,387.66,96.78,290.88,已支付,微信支付
SO20260601000556,2026-06-01 17:32:18,U000466,P00127,PC商城,广东省,珠海市,1,1652.52,0.00,1652.52,已完成,支付宝
SO20260601000556,2026-06-01 17:32:18,U000466,P00006,PC商城,广东省,珠海市,2,168.82,0.00,337.64,已完成,支付宝
SO20260601000557,2026-06-01 21:27:33,U018377,P00028,京东自营,四川省,宜宾市,2,343.59,138.38,548.80,已取消,支付宝
SO20260601000557,2026-06-01 21:27:33,U018377,P00052,京东自营,四川省,宜宾市,3,1275.96,872.47,2955.41,已取消,支付宝
SO20260601000557,2026-06-01 21:27:33,U018377,P00090,京东自营,四川省,宜宾市,1,658.11,135.24,522.87,已取消,支付宝
SO20260601000558,2026-06-01 12:12:18,U033344,P00193,PC商城,北京市,北京市,2,3874.37,0.00,7748.74,已完成,支付宝
SO20260601000558,2026-06-01 12:12:18,U033344,P00013,PC商城,北京市,北京市,1,233.68,0.00,233.68,已完成,支付宝
SO20260601000559,2026-06-01 19:08:16,U059493,P00114,天猫旗舰店,江苏省,苏州市,1,1518.53,319.23,1199.30,已退款,微信支付
SO20260601000559,2026-06-01 19:08:16,U059493,P00057,天猫旗舰店,江苏省,苏州市,1,73.08,0.00,73.08,已退款,微信支付
SO20260601000560,2026-06-01 10:30:25,U044987,P00158,京东自营,广东省,广州市,4,5761.34,2494.18,20551.18,已完成,微信支付
SO20260601000560,2026-06-01 10:30:25,U044987,P00029,京东自营,广东省,广州市,1,600.56,58.68,541.88,已完成,微信支付
SO20260601000561,2026-06-01 12:38:57,U001021,P00064,微信小程序,浙江省,温州市,1,52.63,5.78,46.85,已完成,支付宝
SO20260601000562,2026-06-01 11:08:37,U042345,P00091,APP商城,浙江省,宁波市,2,290.52,0.00,581.04,待付款,花呗
SO20260601000562,2026-06-01 11:08:37,U042345,P00154,APP商城,浙江省,宁波市,1,267.17,0.00,267.17,待付款,花呗
SO20260601000563,2026-06-01 13:18:35,U001994,P00027,微信小程序,云南省,昆明市,3,323.80,179.38,792.02,已完成,微信支付
SO20260601000564,2026-06-01 12:59:33,U010065,P00166,京东自营,安徽省,芜湖市,1,1861.99,243.79,1618.20,已完成,支付宝
SO20260601000564,2026-06-01 12:59:33,U010065,P00045,京东自营,安徽省,芜湖市,1,3568.38,0.00,3568.38,已完成,支付宝
SO20260601000564,2026-06-01 12:59:33,U010065,P00145,京东自营,安徽省,芜湖市,1,549.66,0.00,549.66,已完成,支付宝
SO20260601000565,2026/06/01 11:29,U012096,P00011,APP商城,浙江省,温州市,2,703.21,0.00,1406.42,待付款,支付宝
SO20260601000565,2026-06-01 11:29:03,U012096,P00042,APP商城,浙江省,温州市,1,1298.22,0.00,1298.22,待付款,支付宝
SO20260601000565,2026-06-01T11:29:03,U012096,P00153,APP商城,浙江省,温州市,2,895.53,115.55,1675.51,待付款,支付宝
SO20260601000566,2026-06-01 16:11:47,U026646,P00182,APP商城,河南省,郑州市,1,5067.85,276.69,4791.16,已完成,支付宝
SO20260601000567,2026-06-01 20:17:20,U034457,P00088,PC商城,上海市,上海市,1,439.44,100.55,338.89,已完成,微信支付
SO20260601000567,2026-06-01 20:17:20,U034457,P00200,PC商城,上海市,上海市,1,38.41,8.02,30.39,已完成,微信支付
SO20260601000567,2026-06-01 20:17:20,U034457,P00125,PC商城,上海市,上海市,1,3687.88,0.00,3687.88,已完成,微信支付
SO20260601000568,2026-06-01 16:05:31,U059242,P00134,PC商城,安徽省,芜湖市,3,639.88,356.71,1562.93,待付款,支付宝
SO20260601000569,invalid_time,U036219,P00049,微信小程序,黑龙江省,哈尔滨市,1,177.32,0.00,177.32,已支付,微信支付
SO20260601000569,2026/06/01 09:29,U036219,P00091,微信小程序,黑龙江省,哈尔滨市,1,1499.46,0.00,1499.46,已支付,微信支付
SO20260601000569,2026-06-01 09:29:25,U036219,P00015,微信小程序,黑龙江省,哈尔滨市,1,144.66,0.00,144.66,已支付,
SO20260601000570,2026-06-01 11:52:00,U001309,P00060,APP商城,四川省,宜宾市,1,1225.16,0.00,1225.16,已完成,支付宝
SO20260601000570,2026/06/01 11:52,U001309,P00025,APP商城,四川省,宜宾市,2,701.92,0.00,1403.84,已完成,支付宝
SO20260601000571,2026-06-01 21:29:02,U009949,P00090,PC商城,浙江省,宁波市,1,547.90,77.37,470.53,已完成,银行卡
SO20260601000571,2026-06-01 21:29:02,U009949,P00192,PC商城,浙江省,宁波市,1,3462.49,418.93,3043.56,已完成,银行卡
SO20260601000571,2026-06-01 21:29:02,U009949,P00004,PC商城,浙江省,宁波市,2,798.82,354.17,1243.47,已完成,银行卡
SO20260601000572,2026-06-01 19:33:11,U027550,P00196,微信小程序,湖北省,襄阳市,1,6229.98,0.00,6229.98,已完成,微信支付
SO20260601000573,2026-06-01 12:06:53,U010590,P00108,APP商城,山东省,济南市,1,70.34,0.00,70.34,已取消,支付宝
SO20260601000573,2026-06-01 12:06:53,U010590,P00017,APP商城,山东省,济南市,1,5799.26,0.00,5799.26,已取消,支付宝
SO20260601000574,2026-06-01 17:56:31,U023468,P00092,京东自营,广东省,珠海市,1,365.87,0.00,365.87,待付款,支付宝
SO20260601000574,2026-06-01 17:56:31,U023468,P00065,京东自营,广东省,珠海市,5,6512.83,0.00,32564.15,待付款,支付宝
SO20260601000574,2026-06-01 17:56:31,U023468,P00093,京东自营,广东省,珠海市,1,1493.47,0.00,1493.47,待付款,支付宝
SO20260601000575,2026-06-01 21:56:03,U001637,P00053,APP商城,上海市,上海市,1,5328.74,487.59,4841.15,已完成,支付宝
SO20260601000575,2026-06-01 21:56:03,U001637,P00167,APP商城,上海市,上海市,1,754.98,0.00,754.98,已完成,支付宝
SO20260601000575,2026-06-01 21:56:03,U001637,P00168,APP商城,上海市,上海市,1,4127.32,0.00,4127.32,已完成,支付宝
SO20260601000576,2026-06-01 20:24:54,U045341,P00099,微信小程序,广东省,佛山市,1,3225.05,0.00,3225.05,已完成,微信支付
SO20260601000577,2026-06-01 14:11:24,U012228,P00035,PC商城,浙江省,杭州市,1,1379.67,0.00,1379.67,已完成,花呗
SO20260601000578,2026-06-01 17:15:09,U042334,P00045,PC商城,辽宁省,沈阳市,1,262.74,0.00,262.74,已完成,支付宝
SO20260601000578,2026-06-01 17:15:09,U042334,P00001,PC商城,辽宁省,沈阳市,1,1517.52,0.00,1517.52,已完成,支付宝
SO20260601000579,2026/06/01 17:43,U009940,P00001,天猫旗舰店,广东省,珠海市,3,91.94,0.00,275.82,待付款,花呗
SO20260601000579,2026-06-01 17:43:34,U009940,P00049,天猫旗舰店,广东省,珠海市,3,3488.99,1405.84,9061.13,待付款,花呗
SO20260601000580,2026-06-01 19:41:46,U030608,P00045,PC商城,湖北省,宜昌市,1,4308.53,1009.76,3298.77,已完成,支付宝
SO20260601000580,2026/06/01 19:41,U030608,P00174,PC商城,湖北省,宜昌市,1,7984.11,0.00,7984.11,已完成,支付宝
SO20260601000580,2026-06-01 19:41:46,U030608,P00152,PC商城,湖北省,宜昌市,2,5931.40,0.00,11862.80,已完成,支付宝
SO20260601000581,2026-06-01 21:20:53,U058913,P00006,APP商城,湖南省,湘潭市,1,748.43,0.00,748.43,已完成,微信支付
SO20260601000581,2026-06-01 21:20:53,U058913,P00103,APP商城,湖南省,湘潭市,1,366.24,0.00,366.24,已完成,微信支付
SO20260601000581,2026-06-01 21:20:53,U058913,P00097,APP商城,湖南省,湘潭市,1,734.06,41.36,692.70,已完成,微信支付
SO20260601000582,2026/06/01 18:26,U029311,P00185,APP商城,山西省,太原市,1,3308.26,259.65,3048.61,已完成,支付宝
SO20260601000583,2026/06/01 19:04,U000800,P00047,APP商城,河南省,南阳市,1,208.13,0.00,208.13,已支付,支付宝
SO20260601000583,2026-06-01 19:04:42,U000800,P00012,APP商城,河南省,南阳市,1,603.30,0.00,603.30,已支付,支付宝
SO20260601000583,2026-06-01 19:04:42,U000800,P00031,APP商城,河南省,南阳市,3,3270.97,1464.46,8348.45,已支付,支付宝
SO20260601000584,2026-06-01 16:13:35,U037135,P00115,微信小程序,浙江省,金华市,2,27.86,0.00,55.72,已完成,银行卡
SO20260601000584,2026-06-01 16:13:35,U037135,P00063,微信小程序,浙江省,金华市,1,672.56,131.38,541.18,已完成,银行卡
SO20260601000584,2026-06-01 16:13:35,U037135,P00161,微信小程序,浙江省,金华市,1,336.98,80.85,256.13,已完成,银行卡
SO20260601000585,2026-06-01 17:56:23,U037461,P00066,微信小程序,上海市,上海市,2,446.21,78.62,813.80,已完成,花呗
SO20260601000585,2026-06-01 17:56:23,U037461,P00010,微信小程序,上海市,上海市,1,5640.36,0.00,5640.36,已完成,花呗
SO20260601000585,2026-06-01 17:56:23,U037461,P00056,微信小程序,上海市,上海市,2,4652.05,0.00,9304.10,已完成,花呗
SO20260601000586,2026/06/01 10:51,U043371,P00120,天猫旗舰店,福建省,厦门市,1,455.90,0.00,455.90,已完成,微信支付
SO20260601000586,2026-06-01 10:51:58,U043371,P00105,天猫旗舰店,福建省,厦门市,1,221.04,26.95,194.09,已完成,微信支付
SO20260601000587,2026-06-01 14:00:52,U053060,P00160,微信小程序,浙江省,温州市,1,65.80,0.00,65.80,已完成,支付宝
SO20260601000588,2026/06/01 11:00,U016308,P00105,微信小程序,上海市,上海市,1,663.33,0.00,663.33,待付款,支付宝
SO20260601000588,2026-06-01 11:00:00,U016308,P00069,微信小程序,上海市,上海市,1,133.07,22.34,110.73,待付款,支付宝
SO20260601000589,2026/06/01 17:57,U016409,P00004,天猫旗舰店,江苏省,苏州市,3,8472.07,0.00,25416.21,已完成,支付宝
SO20260601000589,2026-06-01 17:57:54,U016409,P00079,天猫旗舰店,江苏省,苏州市,1,1283.09,0.00,1283.09,已完成,支付宝
SO20260601000589,2026-06-01 17:57:54,U016409,P00005,天猫旗舰店,江苏省,苏州市,3,719.73,517.72,1641.47,已完成,支付宝
SO20260601000590,2026-06-01 07:34:34,U042757,P00171,微信小程序,河南省,新乡市,1,1125.85,242.03,883.82,已完成,微信支付
SO20260601000591,2026-06-01 17:19:01,U026355,P00165,PC商城,广东省,珠海市,1,8479.71,0.00,8479.71,已完成,银行卡
SO20260601000591,2026-06-01 17:19:01,U026355,P00037,PC商城,广东省,珠海市,2,391.25,0.00,782.50,已完成,银行卡
SO20260601000592,2026-06-01 11:16:45,U016835,P00161,APP商城,四川省,绵阳市,1,2621.15,228.24,2392.91,已完成,货到付款
SO20260601000593,2026-06-01 22:04:34,U001373,P00089,天猫旗舰店,广东省,东莞市,1,2126.31,359.98,1766.33,已完成,微信支付
SO20260601000593,2026-06-01 22:04:34,U001373,P00137,天猫旗舰店,广东省,东莞市,1,6265.25,0.00,6265.25,已完成,微信支付
SO20260601000593,2026-06-01 22:04:34,U001373,P00015,天猫旗舰店,广东省,东莞市,1,3822.29,604.36,3217.93,已完成,微信支付
SO20260601000594,2026-06-01 16:56:59,U012843,P00093,微信小程序,广东省,广州市,1,2541.55,0.00,2541.55,已完成,
SO20260601000595,2026-06-01 18:03:23,U015070,P00132,APP商城,上海市,上海市,1,1343.98,0.00,1343.98,已支付,微信支付
SO20260601000595,2026-06-01 18:03:23,U015070,P00027,APP商城,上海市,上海市,1,97.20,0.00,97.20,已支付,微信支付
SO20260601000596,2026-06-01 18:42:02,U024590,P00008,微信小程序,辽宁省,沈阳市,1,4282.63,370.36,3912.27,已完成,支付宝
SO20260601000597,2026-06-01 16:32:33,U012110,P00080,微信小程序,江苏省,南京市,1,8879.68,0.00,8879.68,已支付,微信支付
SO20260601000597,2026-06-01T16:32:33,U012110,P00122,微信小程序,江苏省,南京市,1,4356.48,0.00,4356.48,已支付,微信支付
SO20260601000597,2026-06-01 16:32:33,U012110,P00176,微信小程序,江苏省,南京市,1,582.41,51.05,531.36,已支付,微信支付
SO20260601000598,2026-06-01 12:20:10,U019663,P00060,APP商城,广东省,东莞市,2,1383.00,389.20,2376.80,已完成,货到付款
SO20260601000598,2026-06-01 12:20:10,U019663,P00063,APP商城,广东省,东莞市,1,63.09,0.00,63.09,已完成,货到付款
SO20260601000598,2026-06-01 12:20:10,U019663,P00049,APP商城,广东省,东莞市,1,8308.00,1409.84,6898.16,已完成,货到付款
SO20260601000599,2026-06-01 01:20:52,U057362,P00044,APP商城,北京市,北京市,1,443.81,0.00,443.81,已完成,
SO20260601000599,2026-06-01 01:20:52,U057362,P00071,APP商城,北京市,北京市,2,8888.35,1926.27,15850.43,已完成,微信支付
SO20260601000599,2026-06-01 01:20:52,U057362,P00024,APP商城,北京市,北京市,3,230.69,140.13,551.94,已完成,微信支付
SO20260601000600,2026-06-01 10:44:08,U027316,P00070,APP商城,福建省,福州市,1,128.56,0.00,128.56,已完成,支付宝
SO20260601000600,2026-06-01 10:44:08,U027316,P00167,APP商城,福建省,福州市,1,1270.11,0.00,1270.11,已完成,支付宝
SO20260601000601,2026-06-01 23:22:43,U023514,P00044,天猫旗舰店,辽宁省,大连市,2,1281.86,0.00,2563.72,已完成,支付宝
SO20260601000601,2026-06-01 23:22:43,U023514,P00177,天猫旗舰店,辽宁省,大连市,1,444.15,0.00,444.15,已完成,支付宝
SO20260601000602,2026-06-01 17:18:15,U049318,P00182,京东自营,浙江省,宁波市,2,2194.80,769.18,3620.42,已完成,支付宝
SO20260601000603,2026-06-01 19:28:16,U007764,P00036,APP商城,浙江省,温州市,1,388.87,57.87,331.00,已完成,支付宝
SO20260601000604,2026-06-01 10:13:47,U054686,P00031,PC商城,浙江省,嘉兴市,3,757.95,0.00,2273.85,待付款,微信支付
SO20260601000604,2026/06/01 10:13,U054686,P00170,PC商城,浙江省,嘉兴市,1,1535.64,268.60,1267.04,待付款,微信支付
SO20260601000604,2026-06-01 10:13:47,U054686,P00013,PC商城,浙江省,嘉兴市,3,252.60,0.00,757.80,待付款,微信支付
SO20260601000605,2026-06-01 17:16:54,U006664,P00049,APP商城,广东省,佛山市,2,73.61,0.00,147.22,已退款,支付宝
SO20260601000606,2026-06-01 09:34:35,U024781,P00163,微信小程序,安徽省,芜湖市,1,3549.56,753.13,2796.43,已完成,银行卡
SO20260601000606,2026-06-01 09:34:35,U024781,P00051,微信小程序,安徽省,芜湖市,1,1571.26,0.00,1571.26,已完成,银行卡
SO20260601000607,2026-06-01 21:31:28,U012617,P00016,APP商城,河北省,保定市,2,523.58,0.00,1047.16,已完成,微信支付
SO20260601000607,invalid_time,U012617,P00023,APP商城,河北省,保定市,1,5311.40,0.00,5311.40,已完成,微信支付
SO20260601000608,2026-06-01 11:42:30,U056265,P00094,天猫旗舰店,江西省,赣州市,1,7585.13,0.00,7585.13,已取消,支付宝
SO20260601000608,2026-06-01 11:42:30,U056265,P00108,天猫旗舰店,江西省,赣州市,1,4836.88,0.00,4836.88,已取消,支付宝
SO20260601000609,2026-06-01 16:04:05,U018832,P00033,微信小程序,广东省,佛山市,3,1192.05,0.00,3576.15,已支付,支付宝
SO20260601000609,2026-06-01 16:04:05,U018832,P00137,微信小程序,广东省,佛山市,2,4194.16,0.00,8388.32,已支付,支付宝
SO20260601000610,2026-06-01 18:34:29,U052008,P00079,京东自营,河南省,郑州市,1,1790.81,0.00,1790.81,已完成,微信支付
SO20260601000610,2026/06/01 18:34,U052008,P00136,京东自营,河南省,郑州市,3,311.08,47.27,885.97,已完成,微信支付
SO20260601000611,2026-06-01 21:01:16,U053795,P00145,天猫旗舰店,浙江省,金华市,1,264.43,0.00,264.43,已支付,支付宝
SO20260601000611,2026-06-01 21:01:16,U053795,P00021,天猫旗舰店,浙江省,金华市,2,62.50,28.32,96.68,已支付,支付宝
SO20260601000611,2026-06-01 21:01:16,U053795,P00097,天猫旗舰店,浙江省,金华市,1,50.80,0.00,50.80,已支付,支付宝
SO20260601000612,2026-06-01 18:51:49,U055722,P00158,PC商城,江苏省,南通市,2,5432.13,0.00,10864.26,已完成,花呗
SO20260601000612,2026-06-01 18:51:49,U055722,P00047,PC商城,江苏省,南通市,1,3682.62,0.00,3682.62,已完成,花呗
SO20260601000613,2026-06-01 09:10:21,U050130,P00026,京东自营,广东省,广州市,3,5660.82,0.00,16982.46,已完成,支付宝
SO20260601000613,2026-06-01 09:10:21,U050130,P00053,京东自营,广东省,广州市,1,679.52,0.00,679.52,已完成,支付宝
SO20260601000613,2026/06/01 09:10,U050130,P00136,京东自营,广东省,广州市,1,163.05,0.00,163.05,已完成,支付宝
SO20260601000614,2026-06-01 15:19:18,U056291,P00078,APP商城,广东省,深圳市,3,1000.97,0.00,3002.91,已完成,支付宝
SO20260601000614,2026-06-01 15:19:18,U056291,P00003,APP商城,广东省,深圳市,1,62.35,11.77,50.58,已完成,支付宝
SO20260601000615,2026-06-01 15:24:18,U002447,P00121,PC商城,广东省,珠海市,1,733.87,127.73,606.14,已支付,花呗
SO20260601000615,2026-06-01 15:24:18,U002447,P00004,PC商城,广东省,珠海市,2,519.71,0.00,1575.46,已支付,花呗
SO20260601000616,2026/06/01 20:18,U057522,P00200,天猫旗舰店,黑龙江省,哈尔滨市,1,34.92,0.00,34.92,已支付,微信支付
SO20260601000617,2026-06-01 21:17:14,U055522,P00151,微信小程序,云南省,昆明市,1,1815.59,0.00,1815.59,已完成,微信支付
SO20260601000617,2026-06-01 21:17:14,U055522,P00043,微信小程序,云南省,昆明市,1,1259.66,0.00,1259.66,已完成,微信支付
SO20260601000617,2026-06-31 10:00:00,U055522,P00164,微信小程序,云南省,昆明市,2,3586.42,0.00,7172.84,已完成,微信支付
SO20260601000618,2026-06-01 16:35:47,U040212,P00156,微信小程序,江苏省,南通市,2,484.45,0.00,968.90,已完成,支付宝
SO20260601000619,2026-06-01 20:06:07,U027228,P00077,微信小程序,,佛山市,1,2374.58,257.06,2117.52,已完成,微信支付
SO20260601000619,2026-06-01 20:06:07,U027228,P00048,微信小程序,广东省,佛山市,1,623.56,0.00,623.56,已完成,微信支付
SO20260601000620,2026-06-01 19:48:29,U024982,P00057,PC商城,浙江省,宁波市,1,1978.03,428.17,1549.86,已完成,微信支付
SO20260601000620,2026-06-01 19:48:29,U024982,P00141,PC商城,浙江省,宁波市,1,119.58,10.86,108.72,已完成,微信支付
SO20260601000621,2026-06-01 19:30:26,U046532,P00002,天猫旗舰店,山东省,济南市,1,8724.62,935.00,7789.62,已完成,支付宝
SO20260601000621,2026-06-01 19:30:26,U046532,P00046,天猫旗舰店,山东省,济南市,1,206.16,37.24,168.92,已完成,支付宝
SO20260601000622,2026/06/01 20:20,U003480,P00194,微信小程序,江苏省,南京市,1,1220.87,157.91,1062.96,待付款,微信支付
SO20260601000622,2026-06-01 20:20:55,U003480,P00187,微信小程序,江苏省,南京市,1,212.43,0.00,212.43,待付款,微信支付
SO20260601000622,0000-00-00 00:00:00,U003480,P00019,微信小程序,江苏省,南京市,1,5567.21,497.81,5069.40,待付款,微信支付
SO20260601000623,2026-06-01 16:21:47,U026088,P00082,天猫旗舰店,福建省,厦门市,1,8122.98,932.36,7190.62,已完成,花呗
SO20260601000623,2026/06/01 16:21,U026088,P00168,天猫旗舰店,福建省,厦门市,1,4762.25,0.00,4762.25,已完成,花呗
SO20260601000624,2026-06-01 18:22:10,U046623,P00064,PC商城,山东省,青岛市,1,2836.52,242.80,2593.72,已支付,银行卡
SO20260601000625,2026-06-01 21:16:20,U049273,P00010,APP商城,山东省,烟台市,1,1030.74,93.85,936.89,待付款,微信支付
SO20260601000626,2026/13/45 25:61:00,U032411,P00029,PC商城,浙江省,金华市,1,8344.29,0.00,8344.29,已支付,
SO20260601000627,2026-06-01 18:02:55,U010198,P00047,天猫旗舰店,浙江省,金华市,2,815.38,384.51,1246.25,已支付,微信支付
SO20260601000627,2026-06-01 18:02:55,U010198,P00061,天猫旗舰店,浙江省,金华市,2,672.35,262.87,1081.83,已支付,微信支付
SO20260601000628,2026-06-01 21:23:16,U052070,P00196,天猫旗舰店,江西省,南昌市,1,82.42,9.70,72.72,已支付,微信支付
SO20260601000629,2026-06-01 09:31:43,U008848,P00050,APP商城,云南省,昆明市,2,792.01,0.00,1584.02,已完成,微信支付
SO20260601000630,2026-06-01 08:13:05,U037386,P00067,PC商城,广东省,珠海市,1,824.78,0.00,824.78,已取消,银行卡
SO20260601000630,2026-06-01 08:13:05,U037386,P00063,PC商城,广东省,珠海市,1,463.55,0.00,463.55,已取消,银行卡
SO20260601000630,2026-06-01 08:13:05,U037386,P00046,PC商城,广东省,珠海市,1,850.42,0.00,850.42,已取消,银行卡
SO20260601000631,2026-06-01 18:36:00,U013436,P00019,PC商城,广东省,广州市,2,194.82,0.00,389.64,已支付,微信支付
SO20260601000631,2026/13/45 25:61:00,U013436,P00105,PC商城,广东省,广州市,1,7785.85,1209.00,6576.85,已支付,微信支付
SO20260601000631,2026-06-01 18:36:00,U013436,P00015,PC商城,广东省,广州市,1,718.70,0.00,718.70,已支付,微信支付
SO20260601000632,2026-06-01 11:21:20,U058277,P00005,微信小程序,浙江省,宁波市,1,8003.72,0.00,8003.72,已完成,支付宝
SO20260601000632,2026-06-01 11:21:20,U058277,P00148,微信小程序,浙江省,宁波市,3,3111.08,0.00,9333.24,已完成,支付宝
SO20260601000632,2026-06-01 11:21:20,U058277,P00071,微信小程序,浙江省,宁波市,1,2357.71,0.00,2357.71,已完成,
SO20260601000633,2026-06-01 23:23:46,U022981,P00143,PC商城,重庆市,重庆市,2,5552.18,0.00,11104.36,已完成,支付宝
SO20260601000633,2026-06-01 23:23:46,U022981,P00062,PC商城,重庆市,重庆市,1,108.20,0.00,108.20,已完成,支付宝
SO20260601000634,2026-06-01 22:21:44,U015206,P00143,APP商城,山西省,太原市,1,875.13,0.00,875.13,已完成,银行卡
SO20260601000634,2026-06-01 22:21:44,U015206,P00008,APP商城,山西省,太原市,1,44.89,7.13,37.76,已完成,银行卡
SO20260601000634,2026/06/01 22:21,U015206,P00177,APP商城,山西省,太原市,1,1422.39,234.04,1188.35,已完成,银行卡
SO20260601000635,2026-06-01 18:49:49,U044349,P00065,微信小程序,广东省,珠海市,1,2283.16,0.00,2283.16,已完成,微信支付
SO20260601000635,2026-06-01 18:49:49,U044349,P00199,微信小程序,广东省,珠海市,1,7202.49,0.00,7202.49,已完成,微信支付
SO20260601000635,2026-06-01 18:49:49,U044349,P00055,微信小程序,广东省,珠海市,-1,645.21,0.00,1290.42,已完成,微信支付
SO20260601000636,2026-06-01 20:09:49,U050384,P00150,天猫旗舰店,山东省,青岛市,1,916.74,0.00,916.74,已完成,支付宝
SO20260601000636,2026/06/01 20:09,U050384,P00116,天猫旗舰店,山东省,青岛市,1,1533.65,0.00,1533.65,已完成,支付宝
SO20260601000637,2026-06-01 19:24:04,U041265,P00169,京东自营,江苏省,无锡市,1,5567.92,818.61,4749.31,已支付,支付宝
SO20260601000638,2026-06-01 12:07:36,U054240,P00069,天猫旗舰店,山西省,,2,164.89,42.08,287.70,已完成,支付宝
SO20260601000638,2026-06-01 12:07:36,U054240,P00161,天猫旗舰店,山西省,太原市,1,8018.99,1955.15,6063.84,已完成,支付宝
SO20260601000638,2026-06-01 12:07:36,U054240,P00158,天猫旗舰店,山西省,太原市,1,355.79,24.03,331.76,已完成,支付宝
SO20260601000639,2026-06-01 17:47:27,U011611,P00094,PC商城,浙江省,金华市,1,588.08,0.00,588.08,已完成,支付宝
SO20260601000639,2026-06-01 17:47:27,U011611,P00111,PC商城,浙江省,金华市,1,397.69,44.65,353.04,已完成,支付宝
SO20260601000640,2026-06-01 17:05:46,U018378,P00008,PC商城,黑龙江省,哈尔滨市,1,5248.07,0.00,5248.07,已完成,支付宝
SO20260601000641,2026-06-01 09:33:13,U035138,P00074,APP商城,福建省,厦门市,1,996.21,75.54,920.67,已完成,支付宝
SO20260601000641,2026-06-01 09:33:13,U035138,P00161,APP商城,福建省,厦门市,1,363.67,81.66,282.01,已完成,支付宝
SO20260601000642,2026-06-01 11:54:57,U021350,P00010,天猫旗舰店,重庆市,重庆市,1,220.85,0.00,220.85,已取消,银行卡
SO20260601000643,2026-06-01 03:52:21,U030134,P00106,APP商城,山东省,青岛市,1,1230.30,91.34,1138.96,已取消,支付宝
SO20260601000643,2026-06-01 03:52:21,U030134,P00026,APP商城,山东省,青岛市,1,181.22,0.00,181.22,已取消,支付宝
SO20260601000644,2026-06-01 12:17:12,U022132,P00183,天猫旗舰店,浙江省,宁波市,1,5574.64,0.00,5574.64,已支付,支付宝
SO20260601000644,2026-06-01 12:17:12,U022132,P00097,天猫旗舰店,浙江省,宁波市,1,6005.07,1057.37,4947.70,已支付,支付宝
SO20260601000645,2026-06-01 22:42:26,U002469,P00120,微信小程序,河南省,郑州市,1,1413.59,0.00,1413.59,已完成,支付宝
SO20260601000645,2026-06-01 22:42:26,U002469,P00174,微信小程序,河南省,郑州市,1,622.51,83.53,538.98,已完成,支付宝
SO20260601000646,2026-06-01 11:34:39,U001721,P00157,PC商城,,常州市,1,1680.53,0.00,1680.53,已退款,微信支付
SO20260601000646,2026-06-01 11:34:39,U001721,P00161,PC商城,江苏省,常州市,1,747.23,0.00,747.23,已退款,微信支付
SO20260601000646,2026-06-01 11:34:39,U001721,P00178,PC商城,江苏省,常州市,2,483.76,214.83,752.69,已退款,微信支付
SO20260601000647,2026-06-01 12:13:10,U015334,P00065,微信小程序,辽宁省,大连市,2,1245.42,0.00,2490.84,已支付,微信支付
SO20260601000647,2026-06-01 12:13:10,U015334,P00002,微信小程序,辽宁省,大连市,2,2053.19,0.00,4106.38,已支付,微信支付
SO20260601000648,2026-06-01 11:45:10,U031993,P00059,京东自营,湖南省,株洲市,1,973.41,101.57,871.84,已完成,微信支付
SO20260601000649,2026-06-01 11:31:56,U029139,P00159,APP商城,上海市,上海市,1,7306.94,1574.67,5732.27,已完成,微信支付
SO20260601000649,2026-06-01 11:31:56,U029139,P00012,APP商城,上海市,上海市,1,999.27,216.59,782.68,已完成,微信支付
SO20260601000650,2026-06-01 17:39:55,U009128,P00185,APP商城,广东省,珠海市,1,447.40,0.00,447.40,已支付,微信支付
SO20260601000651,2026-06-01 22:16:38,U047833,P00132,微信小程序,河北省,唐山市,1,5089.46,727.26,4362.20,待付款,支付宝
SO20260601000651,2026-06-01 22:16:38,U047833,P00040,微信小程序,河北省,唐山市,1,89.34,8.86,108.54,待付款,支付宝
SO20260601000651,2026-06-01T22:16:38,U047833,P00082,微信小程序,河北省,唐山市,1,8111.13,0.00,8111.13,待付款,支付宝
SO20260601000652,2026-06-01 21:17:34,U008528,P00038,PC商城,河南省,洛阳市,3,796.03,0.00,2388.09,已取消,微信支付
SO20260601000652,2026-06-01 21:17:34,U008528,P00014,PC商城,河南省,洛阳市,1,1227.18,0.00,1227.18,已取消,微信支付
SO20260601000653,2026-06-01 19:02:51,U012691,P00125,APP商城,江苏省,南京市,1,290.91,31.11,259.80,已支付,支付宝
SO20260601000653,2026/06/01 19:02,U012691,P00056,APP商城,江苏省,南京市,99999,7641.13,0.00,7641.13,已支付,支付宝
SO20260601000654,2026-06-01 20:21:17,U017892,P00075,APP商城,河北省,唐山市,1,112.98,11.90,101.08,待付款,微信支付
SO20260601000654,2026-06-01 20:21:17,U017892,P00004,APP商城,河北省,唐山市,1,1473.98,349.50,1124.48,待付款,微信支付
SO20260601000654,2026-06-01 20:21:17,U017892,P00029,APP商城,河北省,唐山市,1,3824.78,0.00,3824.78,待付款,微信支付
SO20260601000655,2026-06-01 17:49:05,U043216,P00046,京东自营,安徽省,合肥市,1,1038.65,0.00,1038.65,已完成,微信支付
SO20260601000656,2026-06-01 17:09:26,U002544,P00037,APP商城,河南省,新乡市,1,1479.61,0.00,1479.61,已完成,银行卡
SO20260601000657,2026/06/01 20:30,U032052,P00160,微信小程序,四川省,成都市,1,69.76,0.00,69.76,已支付,支付宝
SO20260601000658,2026-06-01 17:13:12,U011612,P00166,微信小程序,广东省,广州市,1,5802.04,0.00,5802.04,已支付,微信支付
SO20260601000659,2026-06-01 16:38:25,U054763,P00155,APP商城,江西省,赣州市,1,255.75,47.32,208.43,已完成,微信支付
SO20260601000659,2026-06-01 16:38:25,U054763,P00127,APP商城,江西省,赣州市,1,3470.93,626.45,2844.48,已完成,微信支付
SO20260601000659,2026-06-01 16:38:25,U054763,P00072,APP商城,江西省,赣州市,1,1820.24,0.00,1820.24,已完成,微信支付
SO20260601000660,2026-06-01 16:36:29,U015641,P00164,天猫旗舰店,上海市,上海市,3,650.14,312.98,1637.44,已完成,银行卡
SO20260601000660,2026/06/01 16:36,U015641,P00144,天猫旗舰店,上海市,上海市,1,899.52,0.00,899.52,已完成,银行卡
SO20260601000661,2026-06-01 10:53:05,U027034,P00032,PC商城,河北省,唐山市,2,2597.68,0.00,5195.36,待付款,支付宝
SO20260601000661,2026-06-01 10:53:05,U027034,P00108,PC商城,河北省,唐山市,4,1087.81,0.00,4351.24,待付款,支付宝
SO20260601000662,2026-06-01 10:15:04,U011856,P00128,天猫旗舰店,江苏省,常州市,1,1292.57,0.00,1292.57,已完成,支付宝
SO20260601000663,2026-06-01 20:47:44,U003065,P00034,京东自营,陕西省,西安市,5,2075.34,1301.30,9075.40,已完成,支付宝
SO20260601000663,2026/06/01 20:47,U003065,P00038,京东自营,陕西省,西安市,1,164.37,0.00,164.37,已完成,支付宝
SO20260601000664,2026/06/01 17:23,U036500,P00099,APP商城,江苏省,常州市,1,265.16,0.00,265.16,待付款,微信支付
SO20260601000664,2026-06-01 17:23:40,U036500,P00099,APP商城,江苏省,常州市,1,117.04,0.00,117.04,待付款,微信支付
SO20260601000665,2026-06-01 15:52:37,U013694,P00003,京东自营,上海市,上海市,1,3713.52,568.79,3144.73,已支付,支付宝
SO20260601000665,2026/06/01 15:52,U013694,P00084,京东自营,上海市,上海市,2,388.46,41.83,735.09,已支付,支付宝
SO20260601000666,2026-06-01 18:43:17,U047811,P00068,京东自营,广东省,东莞市,2,967.94,136.21,1799.67,已完成,微信支付
SO20260601000667,2026-06-01 17:21:45,U052174,P00096,APP商城,河南省,郑州市,2,1238.18,0.00,2476.36,已完成,银行卡
SO20260601000667,2026-06-01 17:21:45,U052174,P00128,APP商城,河南省,郑州市,4,443.15,289.08,1483.52,已完成,银行卡
SO20260601000667,2026-06-01 17:21:45,U052174,P00195,APP商城,河南省,郑州市,2,1055.70,0.00,2111.40,已完成,银行卡
SO20260601000668,2026-06-01 17:32:44,U052039,P00159,APP商城,北京市,北京市,1,567.29,67.23,500.06,待付款,微信支付
SO20260601000669,2026-06-01 23:43:29,U013253,P00075,APP商城,山东省,青岛市,1,351.30,78.30,273.00,已完成,微信支付
SO20260601000670,2026-06-01 17:44:40,U003745,P00167,微信小程序,河北省,石家庄市,3,8137.24,4043.87,20367.85,已完成,微信支付
SO20260601000671,2026-06-01 10:38:39,U025772,P00123,APP商城,江苏省,无锡市,2,4353.41,945.06,7761.76,已取消,花呗
SO20260601000672,2026-06-01 17:39:59,U039001,P00169,PC商城,上海市,上海市,1,5301.48,979.59,4321.89,已支付,支付宝
SO20260601000672,2026-06-01 17:39:59,U039001,P00126,PC商城,上海市,上海市,2,8156.25,3278.14,13034.36,已支付,支付宝
SO20260601000673,2026-06-01 22:58:05,U040594,P00012,APP商城,湖北省,宜昌市,1,4816.30,0.00,4816.30,已完成,微信支付
SO20260601000674,2026-06-01 08:53:55,U026101,P00004,微信小程序,河南省,洛阳市,1,200.83,22.29,178.54,已完成,支付宝
SO20260601000674,2026-06-01 08:53:55,U026101,P00135,微信小程序,河南省,洛阳市,1,288.49,0.00,288.49,已完成,支付宝
SO20260601000674,2026-06-01 08:53:55,U026101,P00065,微信小程序,河南省,洛阳市,2,2058.64,0.00,4117.28,已完成,支付宝
SO20260601000675,2026-06-01 17:22:50,U014975,P00076,微信小程序,上海市,上海市,1,2564.80,237.08,2327.72,已支付,银行卡
SO20260601000675,2026-06-01 17:22:50,U014975,P00051,微信小程序,上海市,上海市,1,5199.06,1042.48,4156.58,已支付,银行卡
SO20260601000676,2026-06-01 12:01:36,U023599,P00103,APP商城,重庆市,重庆市,1,218.55,0.00,218.55,已支付,微信支付
SO20260601000676,2026-06-01 12:01:36,U023599,P00184,APP商城,重庆市,重庆市,1,1136.62,0.00,1136.62,已支付,微信支付
SO20260601000676,2026-06-01 12:01:36,U023599,P00156,APP商城,重庆市,重庆市,1,308.38,0.00,308.38,已支付,微信支付
SO20260601000677,2026-06-01 11:51:50,U038975,P00026,APP商城,山东省,青岛市,1,53.27,4.64,48.63,已完成,微信支付
SO20260601000677,2026/06/01 11:51,U038975,P00044,APP商城,山东省,青岛市,1,785.94,169.32,616.62,已完成,微信支付
SO20260601000677,2026-06-01 11:51:50,U038975,P00145,APP商城,山东省,青岛市,3,76.99,53.23,177.74,已完成,微信支付
SO20260601000678,2026-06-01 11:03:52,U026454,P00137,京东自营,广东省,佛山市,1,2289.79,291.11,1998.68,已支付,支付宝
SO20260601000678,2026-06-01 11:03:52,U026454,P00176,京东自营,广东省,佛山市,2,339.31,0.00,678.62,已支付,支付宝
SO20260601000679,2026-06-01 10:22:23,U026189,P00041,微信小程序,云南省,昆明市,5,1704.14,591.85,7928.85,已支付,微信支付
SO20260601000679,2026-06-01 10:22:23,U026189,P00044,微信小程序,云南省,昆明市,1,379.04,0.00,379.04,已支付,微信支付
SO20260601000680,2026-06-01 21:39:45,U053480,P00043,PC商城,广东省,深圳市,2,394.58,0.00,789.16,待付款,支付宝
SO20260601000680,2026-06-01 21:39:45,U053480,P00021,PC商城,广东省,深圳市,1,1059.43,54.99,1004.44,待付款,支付宝
SO20260601000681,2026-06-01 11:26:26,U039119,P00078,PC商城,广东省,深圳市,5,182.47,0.00,912.35,已取消,微信支付
SO20260601000682,2026-06-01 11:24:55,U057792,P00020,天猫旗舰店,广东省,深圳市,1,152.26,0.00,152.26,已支付,微信支付
SO20260601000683,2026-06-01 14:45:56,U038259,P00139,微信小程序,湖南省,湘潭市,1,224.13,15.68,208.45,已退款,银行卡
SO20260601000684,2026-06-01 23:19:12,U035277,P00166,微信小程序,上海市,上海市,1,7955.57,0.00,7955.57,已完成,微信支付
SO20260601000685,2026-06-01 18:15:54,U029612,P00059,PC商城,四川省,成都市,1,1581.86,0.00,1581.86,已完成,微信支付
SO20260601000685,2026-06-01 18:15:54,U029612,P00061,PC商城,,成都市,99999,122.22,0.00,244.44,已完成,微信支付
SO20260601000685,2026-06-01 18:15:54,U029612,P00161,PC商城,四川省,成都市,1,83.08,12.81,70.27,已完成,微信支付
SO20260601000686,2026-06-01 16:48:31,U059394,P00141,天猫旗舰店,浙江省,温州市,1,7322.12,1226.50,6095.62,已完成,支付宝
SO20260601000687,2026-06-01T20:15:58,U058321,P00063,天猫旗舰店,河南省,郑州市,2,317.29,0.00,634.58,已支付,花呗
SO20260601000688,2026-06-01 11:42:58,U006982,P00099,京东自营,广东省,东莞市,1,303.84,65.59,238.25,已完成,微信支付
SO20260601000689,2026-06-01 01:35:15,U019030,P00183,APP商城,浙江省,金华市,2,72.56,0.00,145.12,已完成,支付宝
SO20260601000690,2026-06-01 18:34:56,U039084,P00104,APP商城,云南省,昆明市,3,5160.11,1500.87,13979.46,待付款,支付宝
SO20260601000690,2026-06-01 18:34:56,U039084,P00117,APP商城,云南省,昆明市,1,5718.87,315.48,5403.39,待付款,支付宝
SO20260601000691,2026-06-01 17:37:44,U031856,P00128,微信小程序,上海市,上海市,1,402.58,0.00,402.58,已完成,货到付款
SO20260601000692,2026-06-01 19:27:36,U051976,P00155,APP商城,辽宁省,大连市,3,37.41,0.00,112.23,待付款,支付宝
SO20260601000693,2026/06/01 19:44,U001144,P00141,APP商城,福建省,厦门市,1,872.87,0.00,872.87,已完成,微信支付
SO20260601000693,2026-06-01 19:44:05,U001144,P00069,APP商城,福建省,厦门市,3,355.10,0.00,1065.30,已完成,微信支付
SO20260601000693,2026-06-01 19:44:05,U001144,P00072,APP商城,福建省,厦门市,1,1569.18,121.75,1447.43,已完成,微信支付
SO20260601000694,,U057593,P00031,京东自营,陕西省,西安市,3,3570.04,1787.20,8922.92,待付款,微信支付
SO20260601000694,2026-06-01 18:03:10,U057593,P00034,京东自营,陕西省,西安市,1,2424.09,0.00,2424.09,待付款,微信支付
SO20260601000694,2026/06/01 18:03,U057593,P00051,京东自营,陕西省,西安市,2,63.71,17.31,110.11,待付款,微信支付
SO20260601000695,2026-06-01 10:54:02,U042053,P00040,天猫旗舰店,广东省,广州市,1,1035.29,80.19,955.10,已退款,支付宝
SO20260601000695,2026-06-01 10:54:02,U042053,P00102,天猫旗舰店,广东省,广州市,1,1049.35,0.00,1049.35,已退款,支付宝
SO20260601000696,2026-06-01 10:29:16,U054607,P00073,天猫旗舰店,,宜宾市,2,903.69,267.83,1539.55,已完成,微信支付
SO20260601000696,2026/06/01 10:29,U054607,P00060,天猫旗舰店,四川省,宜宾市,2,1872.40,845.74,2899.06,已完成,微信支付
SO20260601000697,2026-06-01 21:20:03,U033671,P00051,PC商城,江苏省,南京市,2,739.72,0.00,1479.44,已支付,花呗
SO20260601000697,2026-06-01 21:20:03,U033671,P00141,PC商城,江苏省,南京市,1,425.86,23.51,402.35,已支付,花呗
SO20260601000697,2026-06-01 21:20:03,U033671,P00009,PC商城,江苏省,南京市,1,1734.31,0.00,1734.31,已支付,花呗
SO20260601000698,2026-06-01 18:31:05,U003570,P00174,APP商城,山东省,济南市,1,260.21,44.57,215.64,已完成,支付宝
SO20260601000699,2026-06-01 17:56:47,U050973,P00068,微信小程序,北京市,北京市,4,104.50,0.00,418.00,已完成,支付宝
SO20260601000699,2026-06-01 17:56:47,U050973,P00052,微信小程序,北京市,北京市,2,527.18,0.00,1054.36,已完成,支付宝
SO20260601000700,2026-06-01 19:25:21,U053125,P00050,PC商城,浙江省,温州市,3,1478.01,753.63,3680.40,已支付,微信支付
SO20260601000700,2026-06-01 19:25:21,U053125,P00010,PC商城,浙江省,温州市,1,375.26,35.71,339.55,已支付,微信支付
SO20260601000701,2026-06-01 18:19:38,U022665,P00092,微信小程序,山东省,临沂市,1,1388.73,285.21,1103.52,已完成,支付宝
SO20260601000701,2026/06/01 18:19,U022665,P00084,微信小程序,山东省,临沂市,1,1223.82,114.47,1109.35,已完成,支付宝
SO20260601000702,2026-06-01 10:15:38,U007371,P00067,APP商城,云南省,昆明市,1,170.56,0.00,170.56,已完成,微信支付
SO20260601000702,2026-06-01 10:15:38,U007371,P00056,APP商城,云南省,昆明市,2,3116.33,0.00,6232.66,已完成,微信支付
SO20260601000703,2026-06-01 19:12:17,U031278,P00006,APP商城,浙江省,金华市,1,4333.39,0.00,4333.39,已完成,支付宝
SO20260601000703,2026-06-01 19:12:17,U031278,P00197,APP商城,浙江省,金华市,1,6447.09,0.00,6447.09,已完成,支付宝
SO20260601000703,2026-06-01 19:12:17,U031278,P00065,APP商城,浙江省,金华市,1,1633.34,183.07,1450.27,已完成,支付宝
SO20260601000704,2026-06-01 17:20:50,U020697,P00078,微信小程序,四川省,宜宾市,2,1756.66,0.00,3513.32,已完成,银行卡
SO20260601000705,2026-06-01 06:19:09,U040545,P00100,PC商城,广东省,广州市,1,96.87,0.00,96.87,已完成,银行卡
SO20260601000705,2026-06-01 06:19:09,U040545,P00100,PC商城,广东省,广州市,1,96.87,0.00,96.87,已完成,银行卡
SO20260601000705,2026-06-01 06:19:09,U040545,P00162,PC商城,广东省,广州市,2,53.08,0.00,106.16,已完成,银行卡
SO20260601000705,2026-06-01 06:19:09,U040545,P00036,PC商城,广东省,广州市,1,35.94,4.63,31.31,已完成,银行卡
SO20260601000706,2026-06-01 16:56:38,U049554,P00005,天猫旗舰店,河南省,新乡市,1,7022.81,457.87,6564.94,已退款,花呗
SO20260601000707,2026-06-01 16:48:52,U055407,P00174,天猫旗舰店,广东省,东莞市,2,347.50,162.53,532.47,已完成,支付宝
SO20260601000707,2026/06/01 16:48,U055407,P00045,天猫旗舰店,广东省,东莞市,2,1680.75,785.87,2575.63,已完成,支付宝
SO20260601000708,2026/06/01 11:16,U003124,P00040,微信小程序,江苏省,苏州市,2,837.40,0.00,1674.80,已支付,微信支付
SO20260601000708,2026-06-01 11:16:51,U003124,P00151,微信小程序,江苏省,苏州市,1,591.31,0.00,591.31,已支付,微信支付
SO20260601000708,2026-06-01 11:16:51,U003124,P00073,微信小程序,江苏省,苏州市,1,353.74,0.00,353.74,已支付,微信支付
SO20260601000709,2026-06-01 12:06:34,U021051,P00002,天猫旗舰店,山西省,太原市,1,829.51,0.00,829.51,已完成,银行卡
SO20260601000710,2026-06-01 19:26:27,U059818,P00169,APP商城,黑龙江省,哈尔滨市,1,231.85,0.00,231.85,已完成,支付宝
SO20260601000711,2026-06-01 17:46:37,U042969,P00084,天猫旗舰店,北京市,北京市,1,144.96,0.00,144.96,已取消,微信支付
SO20260601000712,2026-06-01 18:03:12,U021639,P00081,天猫旗舰店,上海市,上海市,2,283.82,137.94,429.70,已完成,支付宝
SO20260601000713,2026-06-01 10:50:53,U017784,P00106,APP商城,山东省,济南市,2,7184.19,1960.55,12407.83,待付款,微信支付
SO20260601000713,2026-06-01 10:50:53,U017784,P00071,APP商城,山东省,济南市,1,4737.45,389.03,4348.42,待付款,微信支付
SO20260601000714,2026-06-01 16:11:28,U029452,P00071,天猫旗舰店,安徽省,芜湖市,1,597.37,0.00,597.37,已完成,支付宝
SO20260601000715,2026-06-01 17:11:08,U040048,P00094,微信小程序,陕西省,咸阳市,1,4641.65,779.42,3862.23,已完成,支付宝
SO20260601000715,2026-06-01 17:11:08,U040048,P00023,微信小程序,陕西省,咸阳市,1,5023.69,461.15,4562.54,已完成,支付宝
SO20260601000716,2026-06-31 10:00:00,U055311,P00081,微信小程序,广东省,深圳市,1,464.83,0.00,464.83,已完成,微信支付
SO20260601000717,2026/06/01 11:48,U001864,P00001,APP商城,陕西省,西安市,1,1474.53,348.37,1126.16,已完成,微信支付
SO20260601000717,2026-06-01 11:48:20,U001864,P00176,APP商城,陕西省,西安市,4,4919.20,1226.88,18449.92,已完成,微信支付
SO20260601000717,2026-06-01 11:48:20,U001864,P00189,APP商城,,西安市,1,270.57,18.66,251.91,已完成,微信支付
SO20260601000718,2026-06-01 11:55:49,U031191,P00174,APP商城,河南省,郑州市,1,6352.21,1265.30,5086.91,已支付,微信支付
SO20260601000719,2026-06-01 10:03:26,U004258,P00124,APP商城,江苏省,南京市,5,622.61,0.00,3113.05,已完成,银行卡
SO20260601000719,2026-06-01 10:03:26,U004258,P00158,APP商城,江苏省,南京市,1,572.88,46.90,525.98,已完成,银行卡
SO20260601000720,2026-06-01 15:14:31,U055157,P00036,PC商城,浙江省,嘉兴市,1,109.66,0.00,109.66,已支付,
SO20260601000720,2026-06-01 15:14:31,U055157,P00156,PC商城,浙江省,嘉兴市,1,1877.62,222.00,1655.62,已支付,微信支付
SO20260601000720,2026/06/01 15:14,U055157,P00153,PC商城,浙江省,嘉兴市,2,7407.03,890.14,13923.92,已支付,微信支付
SO20260601000721,2026-06-01 19:18:28,U048158,P00071,APP商城,重庆市,重庆市,1,472.17,0.00,472.17,已支付,微信支付
SO20260601000722,2026-06-01 18:49:45,U012075,P00042,APP商城,浙江省,杭州市,1,1082.19,0.00,1082.19,已支付,支付宝
SO20260601000723,2026-06-01 10:44:11,U012724,P00030,微信小程序,山东省,青岛市,1,887.72,221.56,666.16,已完成,支付宝
SO20260601000723,2026-06-01 10:44:11,U012724,P00008,微信小程序,山东省,青岛市,1,139.37,0.00,139.37,已完成,支付宝
SO20260601000723,2026-06-01 10:44:11,U012724,P00115,微信小程序,山东省,青岛市,2,3071.88,0.00,6143.76,已完成,支付宝
SO20260601000724,2026-06-01 18:16:14,U054832,P00167,微信小程序,北京市,北京市,1,99.55,0.00,99.55,已取消,货到付款
SO20260601000725,2026-06-01 19:57:03,U057754,P00022,PC商城,广东省,珠海市,1,196.10,26.60,169.50,已完成,支付宝
SO20260601000725,2026-06-01 19:57:03,U057754,P00130,PC商城,广东省,珠海市,2,8022.31,0.00,16044.62,已完成,支付宝
SO20260601000725,2026-06-01 19:57:03,U057754,P00071,PC商城,广东省,珠海市,1,484.85,0.00,484.85,已完成,支付宝
SO20260601000726,2026-06-01 10:03:38,U031505,P00099,微信小程序,山东省,济南市,1,6200.58,629.84,5570.74,已完成,支付宝
SO20260601000726,2026-06-01 10:03:38,U031505,P00145,微信小程序,山东省,济南市,2,1236.97,0.00,2473.94,已完成,支付宝
SO20260601000727,2026-06-01 21:54:39,U011917,P00014,天猫旗舰店,湖南省,株洲市,1,3335.26,0.00,3335.26,已完成,支付宝
SO20260601000728,2026-06-01 10:09:52,U054612,P00173,京东自营,福建省,福州市,1,8351.95,0.00,8351.95,已支付,微信支付
SO20260601000728,2026-06-01 10:09:52,U054612,P00148,京东自营,福建省,福州市,1,731.49,51.51,679.98,已支付,微信支付
SO20260601000728,2026-06-01 10:09:52,U054612,P00147,京东自营,福建省,福州市,1,4223.18,1006.10,3217.08,已支付,微信支付
SO20260601000729,2026-06-01 19:10:34,U033033,P00121,微信小程序,湖北省,武汉市,1,5742.32,0.00,5742.32,已完成,支付宝
SO20260601000729,2026-06-01 19:10:34,U033033,P00179,微信小程序,湖北省,武汉市,2,2017.49,456.41,3578.57,已完成,支付宝
SO20260601000729,2026-06-01T19:10:34,U033033,P00119,微信小程序,湖北省,武汉市,1,164.09,0.00,164.09,已完成,支付宝
SO20260601000730,2026-06-01 01:04:46,U033247,P00170,APP商城,浙江省,杭州市,1,863.37,169.44,693.93,已支付,支付宝
SO20260601000731,2026/06/01 18:28,U036356,P00142,微信小程序,山东省,临沂市,1,645.86,0.00,645.86,已完成,支付宝
SO20260601000731,2026-06-01 18:28:40,U036356,P00057,微信小程序,山东省,临沂市,1,1747.27,327.35,1419.92,已完成,支付宝
SO20260601000731,2026/06/01 18:28,U036356,P00198,微信小程序,山东省,临沂市,1,951.79,0.00,951.79,已完成,支付宝
SO20260601000732,2026-06-01 10:45:57,U029674,P00022,京东自营,上海市,上海市,2,2360.11,635.94,4084.28,已完成,微信支付
SO20260601000732,2026-06-01 10:45:57,U029674,P00172,京东自营,上海市,上海市,1,1287.54,158.66,1128.88,已完成,微信支付
SO20260601000732,2026/06/01 10:45,U029674,P00174,京东自营,上海市,上海市,2,1200.98,0.00,2401.96,已完成,微信支付
SO20260601000733,2026-06-01 12:45:36,U056696,P00148,天猫旗舰店,福建省,福州市,1,46.08,6.57,39.51,已支付,花呗
SO20260601000733,2026-06-01 12:45:36,U056696,P00037,天猫旗舰店,福建省,福州市,1,127.03,9.41,117.62,已支付,花呗
SO20260601000733,2026-06-01 12:45:36,U056696,P00037,天猫旗舰店,福建省,福州市,1,1064.97,0.00,1064.97,已支付,花呗
SO20260601000734,2026-06-01 09:22:57,U039266,P00182,微信小程序,湖南省,株洲市,4,633.46,0.00,2533.84,已完成,微信支付
SO20260601000734,2026-06-01 09:22:57,U039266,P00070,微信小程序,湖南省,株洲市,3,7206.63,5391.76,16228.13,已完成,微信支付
SO20260601000734,2026-06-01T09:22:57,U039266,P00157,微信小程序,湖南省,株洲市,1,5491.09,0.00,5491.09,已完成,微信支付
SO20260601000735,2026-06-01 14:27:43,U035470,P00016,APP商城,山西省,太原市,1,2129.39,0.00,2129.39,待付款,支付宝
SO20260601000735,2026/06/01 14:27,U035470,P00058,APP商城,山西省,太原市,1,307.18,0.00,307.18,待付款,支付宝
SO20260601000736,invalid_time,U012868,P00148,微信小程序,辽宁省,沈阳市,1,3796.19,0.00,3796.19,已完成,支付宝
SO20260601000737,2026-06-01 20:09:40,U012197,P00153,天猫旗舰店,湖北省,宜昌市,5,920.88,0.00,4604.40,已支付,微信支付
SO20260601000737,2026-06-01 20:09:40,U012197,P00165,天猫旗舰店,湖北省,宜昌市,1,280.47,41.19,239.28,已支付,微信支付
SO20260601000738,2026-06-01 12:11:46,U043792,P00164,微信小程序,广东省,珠海市,1,1162.94,167.31,995.63,已完成,微信支付
SO20260601000738,2026-06-01 12:11:46,U043792,P00181,微信小程序,广东省,珠海市,4,4614.86,0.00,18459.44,已完成,微信支付
SO20260601000738,2026-06-01 12:11:46,U043792,P00049,微信小程序,广东省,珠海市,2,6576.85,690.38,12463.32,已完成,微信支付
SO20260601000739,2026/06/01 04:23,U039966,P00052,微信小程序,,嘉兴市,3,52.92,29.22,129.54,已支付,支付宝
SO20260601000740,2026-06-01 08:37:23,U031239,P00185,京东自营,河南省,郑州市,1,835.63,107.35,728.28,已支付,支付宝
SO20260601000740,2026/06/01 08:37,U031239,P00148,京东自营,河南省,郑州市,4,61.80,0.00,247.20,已支付,支付宝
SO20260601000740,2026-06-01 08:37:23,U031239,P00038,京东自营,河南省,郑州市,5,5104.11,4055.52,21465.03,已支付,支付宝
SO20260601000741,2026/06/01 21:39,U029714,P00112,天猫旗舰店,江苏省,苏州市,1,151.55,0.00,151.55,已完成,微信支付
SO20260601000742,2026-06-01 20:23:46,U042729,P00007,APP商城,浙江省,嘉兴市,5,723.21,0.00,3616.05,已支付,银行卡
SO20260601000743,2026-06-01 18:57:27,U054695,P00001,微信小程序,浙江省,宁波市,1,5029.40,0.00,5029.40,待付款,支付宝
SO20260601000743,2026-06-01 18:57:27,U054695,P00152,微信小程序,浙江省,宁波市,1,1148.79,0.00,1148.79,待付款,
SO20260601000744,2026-06-01 11:37:54,U051746,P00045,微信小程序,湖南省,长沙市,1,31.63,3.87,27.76,已完成,货到付款
SO20260601000744,2026-06-01 11:37:54,U051746,P00106,微信小程序,湖南省,长沙市,1,887.85,105.41,782.44,已完成,货到付款
SO20260601000745,2026-06-01 12:39:49,U023897,P00133,APP商城,江苏省,南京市,1,7294.94,1168.70,6126.24,已取消,支付宝
SO20260601000745,2026-06-01 12:39:49,U023897,P00173,APP商城,江苏省,南京市,1,6621.59,0.00,6621.59,已取消,支付宝
SO20260601000746,2026-06-01 13:32:28,U007918,P00198,京东自营,北京市,北京市,2,2525.00,0.00,5050.00,已完成,微信支付
SO20260601000746,2026-06-01 13:32:28,U007918,P00181,京东自营,北京市,北京市,1,347.85,48.33,299.52,已完成,微信支付
SO20260601000747,2026-06-01 20:03:10,U025412,P00131,APP商城,黑龙江省,哈尔滨市,1,827.48,0.00,827.48,已完成,银行卡
SO20260601000747,2026-06-01 20:03:10,U025412,P00117,APP商城,黑龙江省,哈尔滨市,1,1239.44,0.00,1239.44,已完成,银行卡
SO20260601000748,2026-06-01 11:46:39,U051193,P00108,APP商城,江苏省,南京市,1,6142.78,0.00,6142.78,已取消,微信支付
SO20260601000748,2026-06-01 11:46:39,U051193,P00123,APP商城,江苏省,南京市,1,562.95,0.00,562.95,已取消,微信支付
SO20260601000749,2026-06-01 22:01:29,U041095,P00045,APP商城,山东省,临沂市,2,5739.13,0.00,11478.26,已完成,支付宝
SO20260601000749,2026-06-01 22:01:29,U041095,P00175,APP商城,山东省,临沂市,2,6078.28,0.00,12156.56,已完成,支付宝
SO20260601000749,2026-06-01 22:01:29,U041095,P00146,APP商城,山东省,临沂市,1,3276.16,499.63,2776.53,已完成,支付宝
SO20260601000750,2026/06/01 08:50,U008382,P00108,天猫旗舰店,广东省,佛山市,1,6532.97,0.00,6532.97,已取消,支付宝
SO20260601000751,2026-06-01 07:56:58,U009942,P00012,京东自营,安徽省,芜湖市,2,250.51,36.15,464.87,已取消,银行卡
SO20260601000752,2026-06-01 19:36:36,U032965,P00103,京东自营,广东省,广州市,1,1920.15,336.84,1583.31,已完成,微信支付
SO20260601000753,2026-06-01 13:21:14,U025416,P00095,APP商城,,武汉市,1,729.82,0.00,729.82,已支付,支付宝
SO20260601000754,2026-06-01 18:06:14,U021948,P00023,微信小程序,浙江省,嘉兴市,1,1964.36,278.52,1685.84,已退款,银行卡
SO20260601000755,2026-06-01 09:14:54,U040688,P00105,微信小程序,浙江省,宁波市,1,6677.18,968.13,5709.05,已完成,微信支付
SO20260601000755,2026-06-01 09:14:54,U040688,P00172,微信小程序,浙江省,宁波市,1,4539.05,0.00,4539.05,已完成,微信支付
SO20260601000755,2026/06/01 09:14,U040688,P00099,微信小程序,浙江省,宁波市,1,568.73,59.30,509.43,已完成,微信支付
SO20260601000756,2026-06-01 10:21:51,U005494,P00127,微信小程序,山东省,临沂市,1,7288.68,1602.63,5686.05,已完成,微信支付
SO20260601000756,2026-06-01 10:21:51,U005494,P00172,微信小程序,山东省,临沂市,1,51.85,0.00,51.85,已完成,微信支付
SO20260601000756,2026/06/01 10:21,U005494,P00187,微信小程序,山东省,临沂市,2,8881.86,0.00,17763.72,已完成,微信支付
SO20260601000757,2026-06-01 12:00:11,U014080,P00163,微信小程序,浙江省,杭州市,1,45.36,0.00,45.36,已完成,支付宝
SO20260601000757,2026-06-01 12:00:11,U014080,P00188,微信小程序,浙江省,杭州市,1,672.56,0.00,672.56,已完成,支付宝
SO20260601000758,2026-06-01 16:46:13,U024767,P00005,APP商城,湖南省,株洲市,3,247.38,42.05,700.09,已完成,花呗
SO20260601000759,2026-06-01 11:55:54,U016917,P00032,微信小程序,江苏省,苏州市,1,1291.42,289.47,1001.95,已完成,微信支付
SO20260601000759,2026-06-01T11:55:54,U016917,P00122,微信小程序,江苏省,苏州市,1,581.66,0.00,581.66,已完成,微信支付
SO20260601000759,2026-06-01 11:55:54,U016917,P00145,微信小程序,江苏省,苏州市,2,424.94,54.45,795.43,已完成,微信支付
SO20260601000760,2026/06/01 17:04,U016664,P00158,APP商城,湖北省,武汉市,4,1550.12,0.00,6200.48,已完成,微信支付
SO20260601000761,2026-06-01 09:49:34,U022407,P00020,APP商城,广东省,,1,4218.13,0.00,4218.13,已完成,支付宝
SO20260601000761,2026-06-01 09:49:34,U022407,P00146,APP商城,广东省,佛山市,1,437.40,0.00,437.40,已完成,支付宝
SO20260601000761,2026-06-01 09:49:34,U022407,P00200,APP商城,广东省,佛山市,1,560.53,0.00,560.53,已完成,支付宝
SO20260601000762,2026-06-01 10:07:52,U009360,P00185,天猫旗舰店,福建省,福州市,1,8947.81,617.32,8330.49,已完成,微信支付
SO20260601000762,2026-06-01 10:07:52,U009360,P00056,天猫旗舰店,福建省,福州市,2,348.06,35.03,661.09,已完成,微信支付
SO20260601000762,2026-06-01 10:07:52,U009360,P00030,天猫旗舰店,福建省,福州市,1,1477.76,170.56,1307.20,已完成,微信支付
SO20260601000763,2026-06-01 15:06:47,U009282,P00081,微信小程序,陕西省,咸阳市,1,1873.90,0.00,1873.90,已支付,银行卡
SO20260601000764,2026-06-01 17:22:25,U034636,P00043,天猫旗舰店,河南省,洛阳市,2,5131.94,1180.42,9083.46,已完成,支付宝
SO20260601000765,2026-06-01 09:07:52,U031217,P00026,京东自营,山东省,烟台市,1,1757.83,231.69,1526.14,已取消,银行卡
SO20260601000765,2026-06-01 09:07:52,U031217,P00055,京东自营,山东省,烟台市,1,158.93,0.00,158.93,已取消,银行卡
SO20260601000766,2026-06-01 21:14:57,U030366,P00133,微信小程序,江西省,南昌市,1,1725.45,266.99,1458.46,已取消,银行卡
SO20260601000766,2026-06-01 21:14:57,U030366,P00174,微信小程序,江西省,南昌市,2,4576.63,0.00,9153.26,已取消,银行卡
SO20260601000766,2026-06-01 21:14:57,U030366,P00142,微信小程序,江西省,南昌市,1,54.71,9.54,45.17,已取消,银行卡
SO20260601000767,2026-06-01 11:01:21,U056907,P00129,APP商城,广东省,珠海市,1,6408.76,643.19,5765.57,已完成,微信支付
SO20260601000767,2026-06-01 11:01:21,U056907,P00073,APP商城,广东省,珠海市,1,7708.10,0.00,7708.10,已完成,微信支付
SO20260601000767,2026-06-01 11:01:21,U056907,P00200,APP商城,广东省,珠海市,1,268.39,0.00,268.39,已完成,微信支付
SO20260601000768,2026-06-01 15:44:09,U047311,P00097,APP商城,陕西省,咸阳市,1,1440.00,143.24,1296.76,已完成,支付宝
SO20260601000769,2026-06-01 13:02:02,U024542,P00024,APP商城,安徽省,芜湖市,1,2299.59,0.00,2299.59,待付款,微信支付
SO20260601000769,2026-06-01 13:02:02,U024542,P00125,APP商城,安徽省,芜湖市,1,3951.50,0.00,3951.50,待付款,微信支付
SO20260601000769,2026-06-01 13:02:02,U024542,P00117,APP商城,安徽省,芜湖市,2,6655.80,0.00,13311.60,待付款,微信支付
SO20260601000770,2026/06/01 12:50,U049875,P00124,PC商城,广东省,东莞市,1,1515.62,0.00,1515.62,已完成,支付宝
SO20260601000771,2026-06-01 16:23:22,U001158,P00180,天猫旗舰店,上海市,上海市,3,710.92,360.30,1772.46,已完成,微信支付
SO20260601000771,2026/06/01 16:23,U001158,P00169,天猫旗舰店,上海市,上海市,2,1264.36,0.00,2528.72,已完成,微信支付
SO20260601000772,2026-06-01 17:54:01,U029053,P00082,天猫旗舰店,山东省,烟台市,1,203.04,35.41,167.63,已支付,支付宝
SO20260601000773,2026-06-01 20:53:59,U003618,P00094,APP商城,浙江省,温州市,1,5402.25,0.00,5402.25,已完成,微信支付
SO20260601000774,2026-06-01 17:38:20,U046000,P00199,天猫旗舰店,河北省,石家庄市,1,4680.49,0.00,4680.49,已完成,货到付款
SO20260601000774,2026-06-01 17:38:20,U046000,P00016,天猫旗舰店,河北省,石家庄市,1,31.93,0.00,31.93,已完成,货到付款
SO20260601000774,2026-06-01 17:38:20,U046000,P00065,天猫旗舰店,河北省,石家庄市,1,52.33,4.26,48.07,已完成,货到付款
SO20260601000775,2026-06-01 20:59:02,U002205,P00014,APP商城,江苏省,南京市,2,6316.14,0.00,12632.28,已支付,银行卡
SO20260601000775,2026-06-01 20:59:02,U002205,P00167,APP商城,江苏省,南京市,1,3603.99,207.96,3396.03,已支付,银行卡
SO20260601000776,2026-06-01 20:44:57,U019114,P00045,微信小程序,湖南省,湘潭市,3,248.60,92.68,653.12,已完成,支付宝
SO20260601000776,2026-06-01 20:44:57,U019114,P00017,微信小程序,湖南省,湘潭市,1,183.29,12.02,171.27,已完成,支付宝
SO20260601000777,2026-06-01 18:08:04,U002367,P00088,APP商城,浙江省,宁波市,5,628.19,467.54,2673.41,已完成,支付宝
SO20260601000778,2026/06/01 22:47,U053734,P00096,微信小程序,上海市,上海市,1,949.10,0.00,949.10,已完成,支付宝
SO20260601000778,2026-06-01 22:47:45,U053734,P00080,微信小程序,上海市,上海市,1,170.56,42.17,128.39,已完成,支付宝
SO20260601000778,2026/06/01 22:47,U053734,P00062,微信小程序,上海市,上海市,1,5841.38,0.00,5841.38,已完成,支付宝
SO20260601000779,2026-06-01 20:17:36,U042868,P00128,APP商城,广东省,东莞市,1,447.09,0.00,447.09,已完成,花呗
SO20260601000779,2026-06-01 20:17:36,U042868,P00194,APP商城,广东省,东莞市,1,932.15,0.00,932.15,已完成,花呗
SO20260601000780,2026-06-01 10:17:35,U030450,P00038,微信小程序,江西省,南昌市,2,6215.23,0.00,12430.46,已取消,支付宝
SO20260601000780,2026-06-01 10:17:35,U030450,P00183,微信小程序,江西省,南昌市,5,1331.09,0.00,6655.45,已取消,支付宝
SO20260601000781,2026-06-01 09:13:42,U005494,P00085,APP商城,广东省,珠海市,1,1655.40,275.50,1379.90,已支付,支付宝
SO20260601000782,2026-06-01 20:47:43,U024620,P00195,天猫旗舰店,河北省,石家庄市,1,1266.38,77.15,1189.23,已支付,微信支付
SO20260601000782,2026-06-01 20:47:43,U024620,P00181,天猫旗舰店,河北省,石家庄市,1,466.80,0.00,466.80,已支付,微信支付
SO20260601000782,2026-06-01 20:47:43,U024620,P00169,天猫旗舰店,河北省,石家庄市,1,209.42,0.00,209.42,已支付,微信支付
SO20260601000783,2026-06-01 21:23:05,U004869,P00097,京东自营,福建省,厦门市,4,555.98,0.00,2223.92,已完成,花呗
SO20260601000783,2026-06-01 21:23:05,U004869,P00033,京东自营,福建省,厦门市,1,1270.09,0.00,1270.09,已完成,花呗
SO20260601000783,2026-06-01 21:23:05,U004869,P00181,京东自营,福建省,厦门市,1,544.29,39.47,504.82,已完成,花呗
SO20260601000784,2026-06-01 11:53:10,U020874,P00017,微信小程序,河北省,石家庄市,1,40.55,0.00,40.55,已完成,微信支付
SO20260601000784,2026-06-01 11:53:10,U020874,P00173,微信小程序,河北省,石家庄市,1,853.83,0.00,853.83,已完成,微信支付
SO20260601000785,2026/06/01 18:09,U047141,P00049,PC商城,陕西省,咸阳市,1,186.83,0.00,186.83,已支付,银行卡
SO20260601000786,2026-06-01 17:57:05,U019240,P00007,PC商城,江苏省,常州市,1,4887.19,1142.72,3744.47,已完成,微信支付
SO20260601000786,2026/06/01 17:57,U019240,P00117,PC商城,江苏省,常州市,1,684.41,0.00,684.41,已完成,微信支付
SO20260601000787,2026-06-01 20:21:08,U012613,P00193,APP商城,江苏省,苏州市,1,1806.07,395.47,1410.60,已完成,支付宝
SO20260601000788,2026-06-01 10:46:57,U012236,P00087,微信小程序,四川省,德阳市,1,160.96,0.00,160.96,已支付,微信支付
SO20260601000789,2026-06-01 18:30:17,U037666,P00132,微信小程序,辽宁省,沈阳市,1,296.38,0.00,296.38,已完成,微信支付
SO20260601000790,2026-06-01 13:32:32,U024759,P00058,京东自营,浙江省,金华市,2,133.30,0.00,266.60,已完成,支付宝
SO20260601000790,2026-06-01 13:32:32,U024759,P00144,京东自营,浙江省,金华市,1,464.64,0.00,464.64,已完成,支付宝
SO20260601000791,2026-06-01 05:51:05,U047966,P00068,APP商城,上海市,上海市,2,3641.20,1780.40,5502.00,已支付,微信支付
SO20260601000791,2026-06-01T05:51:05,U047966,P00003,APP商城,上海市,上海市,3,220.65,54.38,607.57,已支付,微信支付
SO20260601000792,2026-06-01 11:33:29,U051120,P00066,APP商城,山西省,太原市,4,1152.87,782.03,3829.45,已支付,微信支付
SO20260601000793,2026-06-01 20:08:07,U030204,P00097,APP商城,河南省,洛阳市,1,3681.36,616.62,3064.74,已支付,支付宝
SO20260601000793,2026-06-01 20:08:07,U030204,P00014,APP商城,河南省,洛阳市,1,1772.35,0.00,1772.35,已支付,支付宝
SO20260601000793,2026-06-01 20:08:07,U030204,P00014,APP商城,河南省,洛阳市,99999,6692.88,543.29,6149.59,已支付,支付宝
SO20260601000794,2026-06-01 14:01:25,U001086,P00163,APP商城,江苏省,南通市,1,344.27,79.07,265.20,已完成,微信支付
SO20260601000794,2026/06/01 14:01,U001086,P00129,APP商城,江苏省,南通市,1,916.61,208.50,708.11,已完成,微信支付
SO20260601000795,2026-06-01 08:12:34,U056151,P00063,微信小程序,北京市,北京市,1,209.34,46.49,162.85,已完成,微信支付
SO20260601000795,2026-06-01 08:12:34,U056151,P00191,微信小程序,北京市,北京市,1,678.87,0.00,678.87,已完成,微信支付
SO20260601000796,2026-06-01 11:34:28,U005113,P00132,微信小程序,江苏省,常州市,1,330.35,65.27,265.08,已完成,微信支付
SO20260601000796,2026-06-01 11:34:28,U005113,P00148,微信小程序,江苏省,常州市,2,3306.02,0.00,6612.04,已完成,微信支付
SO20260601000797,2026-06-01 13:19:25,U020593,P00128,天猫旗舰店,山西省,太原市,3,395.74,127.19,1060.03,待付款,微信支付
SO20260601000798,2026-06-01 22:22:01,U020417,P00109,微信小程序,上海市,上海市,3,80.53,36.28,205.31,已完成,微信支付
SO20260601000798,2026-06-01 22:22:01,U020417,P00006,微信小程序,上海市,上海市,1,5159.60,784.72,4374.88,已完成,微信支付
SO20260601000799,2026/06/01 18:51,U033430,P00100,天猫旗舰店,广东省,佛山市,2,387.23,147.86,847.89,已完成,花呗
SO20260601000800,2026-06-01 12:24:18,U028482,P00110,APP商城,河北省,石家庄市,1,3279.29,0.00,3279.29,已完成,支付宝
SO20260601000800,2026/06/01 12:24,U028482,P00189,APP商城,河北省,石家庄市,1,8173.92,1893.45,6280.47,已完成,支付宝
SO20260601000801,2026-06-01 10:50:56,U018941,P00175,微信小程序,北京市,北京市,1,816.78,0.00,816.78,已完成,支付宝
SO20260601000801,2026-06-01 10:50:56,U018941,P00014,微信小程序,北京市,北京市,1,1818.32,0.00,1818.32,已完成,支付宝
SO20260601000801,2026-06-01 10:50:56,U018941,P00122,微信小程序,北京市,北京市,2,1186.35,0.00,2372.70,已完成,支付宝
SO20260601000802,2026-06-01 23:57:53,U043810,P00043,微信小程序,河南省,洛阳市,1,1854.86,0.00,1854.86,已完成,银行卡
SO20260601000803,2026-06-01 20:24:37,U026546,P00175,APP商城,江苏省,南通市,1,7740.55,0.00,7740.55,已支付,支付宝
SO20260601000803,2026-06-01 20:24:37,U026546,P00096,APP商城,江苏省,南通市,3,72.17,0.00,216.51,已支付,支付宝
SO20260601000803,2026-06-01 20:24:37,U026546,P00057,APP商城,江苏省,南通市,1,129.26,0.00,129.26,已支付,支付宝
SO20260601000804,2026/06/01 20:24,U046254,P00035,PC商城,山东省,临沂市,2,32.92,0.00,65.84,已支付,微信支付
SO20260601000804,2026-06-01 20:24:15,U046254,P00069,PC商城,山东省,临沂市,1,373.80,49.91,323.89,已支付,微信支付
SO20260601000805,2026-06-01 19:43:11,U029909,P00016,APP商城,广东省,深圳市,1,7851.01,1256.05,6594.96,已支付,微信支付
SO20260601000805,2026-06-01 19:43:11,U029909,P00137,APP商城,广东省,深圳市,1,213.63,0.00,213.63,已支付,微信支付
SO20260601000806,2026/06/01 16:46,U039481,P00028,APP商城,北京市,北京市,1,8862.55,0.00,8862.55,已完成,支付宝
SO20260601000806,2026-06-01 16:46:36,U039481,P00099,APP商城,北京市,北京市,1,63.50,11.94,51.56,已完成,支付宝
SO20260601000806,2026-06-01 16:46:36,U039481,P00126,APP商城,北京市,北京市,1,745.25,0.00,745.25,已完成,支付宝
SO20260601000807,2026-06-01 21:55:17,U030960,P00005,PC商城,上海市,上海市,1,8275.48,1612.01,6663.47,已完成,银行卡
SO20260601000808,2026-06-01T11:41:47,U044696,P00171,微信小程序,,唐山市,1,113.22,16.66,96.56,待付款,微信支付
SO20260601000809,2026-06-01T20:22:58,U006866,P00014,微信小程序,河北省,唐山市,1,18.19,3.21,14.98,已完成,微信支付
SO20260601000809,2026-06-01 20:22:58,U006866,P00015,微信小程序,河北省,唐山市,2,1058.06,334.74,1781.38,已完成,微信支付
SO20260601000809,2026-06-01 20:22:58,U006866,P00031,微信小程序,河北省,唐山市,1,454.61,0.00,454.61,已完成,微信支付
SO20260601000810,2026-06-01 10:53:47,U015776,P00130,天猫旗舰店,重庆市,重庆市,2,1659.12,251.84,3066.40,已完成,微信支付
SO20260601000810,2026-06-01 10:53:47,U015776,P00125,天猫旗舰店,重庆市,重庆市,2,1859.54,0.00,3719.08,已完成,微信支付
SO20260601000810,2026-06-01 10:53:47,U015776,P00035,天猫旗舰店,重庆市,重庆市,1,6377.83,1184.37,5193.46,已完成,微信支付
SO20260601000811,2026-06-01 10:34:48,U022977,P00010,微信小程序,福建省,厦门市,1,60.65,9.36,51.29,待付款,花呗
SO20260601000811,2026-06-01 10:34:48,U022977,P00026,微信小程序,福建省,厦门市,1,6017.85,1462.72,4555.13,待付款,花呗
SO20260601000812,2026-06-01 07:52:48,U042855,P00102,京东自营,北京市,北京市,1,948.52,119.65,828.87,待付款,微信支付
SO20260601000813,2026/06/01 16:46,U051870,P00087,APP商城,广东省,东莞市,1,735.87,37.06,698.81,待付款,微信支付
SO20260601000814,2026-06-01 20:37:34,U017380,P00004,APP商城,浙江省,金华市,1,120.70,0.00,120.70,已完成,微信支付
SO20260601000815,2026-06-01 18:08:55,U047529,P00051,天猫旗舰店,湖北省,襄阳市,1,7447.09,0.00,7447.09,已完成,微信支付
SO20260601000815,2026-06-01 18:08:55,U047529,P00186,天猫旗舰店,湖北省,襄阳市,1,1976.32,0.00,1976.32,已完成,微信支付
SO20260601000816,2026-06-01T14:18:26,U019631,P00113,APP商城,浙江省,宁波市,1,4789.09,0.00,4789.09,已完成,微信支付
SO20260601000816,2026-06-01 14:18:26,U019631,P00139,APP商城,浙江省,宁波市,1,597.86,144.59,453.27,已完成,微信支付
SO20260601000817,2026-06-01 22:07:08,U009119,P00024,天猫旗舰店,广东省,珠海市,2,8560.08,0.00,17120.16,已完成,银行卡
SO20260601000818,2026-06-01 17:35:30,U046440,P00162,PC商城,河北省,保定市,1,41.69,0.00,41.69,已完成,微信支付
SO20260601000819,2026/06/01 10:33,U025201,P00122,天猫旗舰店,湖南省,湘潭市,2,695.64,0.00,1391.28,已支付,银行卡
SO20260601000819,2026-06-01 10:33:53,U025201,P00043,天猫旗舰店,湖南省,湘潭市,2,8503.37,0.00,17006.74,已支付,银行卡
SO20260601000819,2026-06-01 10:33:53,U025201,P00012,天猫旗舰店,湖南省,湘潭市,1,3095.07,755.83,2339.24,已支付,银行卡
SO20260601000820,2026-06-01 16:00:25,U015774,P00078,天猫旗舰店,江苏省,无锡市,1,580.42,0.00,580.42,已支付,微信支付
SO20260601000821,2026-06-01 11:43:12,U048714,P00181,京东自营,江苏省,无锡市,1,6072.24,1203.49,4868.75,已完成,支付宝
SO20260601000821,2026-06-01 11:43:12,U048714,P00181,京东自营,江苏省,无锡市,1,6072.24,1203.49,4868.75,已完成,支付宝
SO20260601000821,2026-06-01 11:43:12,U048714,P00151,京东自营,江苏省,无锡市,1,607.16,0.00,607.16,已完成,支付宝
SO20260601000822,2026-06-01 10:28:02,U022451,P00104,PC商城,四川省,成都市,1,174.20,0.00,174.20,已完成,银行卡
SO20260601000822,2026/06/01 10:28,U022451,P00081,PC商城,四川省,成都市,1,830.22,0.00,830.22,已完成,银行卡
SO20260601000822,2026-06-01 10:28:02,U022451,P00117,PC商城,四川省,成都市,1,191.70,28.85,162.85,已完成,银行卡
SO20260601000823,2026-06-01 07:15:21,U046145,P00112,APP商城,福建省,福州市,2,434.66,86.74,782.58,已完成,微信支付
SO20260601000823,2026-06-01 07:15:21,U046145,P00075,APP商城,福建省,福州市,1,771.00,182.32,588.68,已完成,微信支付
SO20260601000824,2026/06/01 19:30,U052595,P00068,微信小程序,山东省,临沂市,2,55.00,7.00,103.00,已完成,微信支付
SO20260601000824,2026-06-01 19:30:48,U052595,P00100,微信小程序,山东省,临沂市,5,344.92,148.50,1576.10,已完成,微信支付
SO20260601000825,2026-06-01 11:18:00,U001413,P00032,微信小程序,河北省,唐山市,2,74.97,36.13,113.81,已完成,微信支付
SO20260601000825,2026-06-01 11:18:00,U001413,P00003,微信小程序,河北省,唐山市,1,319.99,39.97,280.02,已完成,微信支付
SO20260601000826,2026-06-01 18:51:55,U046096,P00139,PC商城,北京市,北京市,1,177.21,0.00,177.21,已完成,微信支付
SO20260601000826,2026/06/01 18:51,U046096,P00060,PC商城,北京市,北京市,2,528.09,0.00,1056.18,已完成,微信支付
SO20260601000827,2026-06-01 15:10:04,U016315,P00165,天猫旗舰店,云南省,昆明市,2,2624.80,410.78,4838.82,已支付,银行卡
SO20260601000828,2026-06-01 08:19:47,U021620,P00141,京东自营,陕西省,咸阳市,1,573.70,135.55,438.15,已支付,微信支付
SO20260601000828,2026-06-01 08:19:47,U021620,P00104,京东自营,陕西省,咸阳市,2,1434.76,630.44,2239.08,已支付,微信支付
SO20260601000829,2026-06-01 16:28:06,U031462,P00030,微信小程序,湖北省,襄阳市,1,725.41,39.06,686.35,已完成,支付宝
SO20260601000830,2026-06-01 17:35:15,U017754,P00060,APP商城,辽宁省,大连市,1,3557.41,0.00,3557.41,已完成,支付宝
SO20260601000830,2026/06/01 17:35,U017754,P00096,APP商城,辽宁省,大连市,1,178.97,10.94,168.03,已完成,支付宝
SO20260601000831,2026-06-01 09:36:13,U011490,P00061,京东自营,广东省,广州市,1,314.93,25.33,429.51,已完成,微信支付
SO20260601000831,2026-06-01 09:36:13,U011490,P00057,京东自营,广东省,广州市,2,754.28,0.00,1508.56,已完成,微信支付
SO20260601000831,2026-06-01 09:36:13,U011490,P00027,京东自营,广东省,广州市,2,708.31,86.04,1330.58,已完成,微信支付
SO20260601000832,2026-06-01 08:17:10,U024555,P00172,APP商城,浙江省,嘉兴市,1,178.25,0.00,178.25,已取消,支付宝
SO20260601000833,2026-06-01 06:28:07,U021354,P00081,APP商城,陕西省,咸阳市,1,381.89,0.00,381.89,待付款,微信支付
SO20260601000833,2026-06-01 06:28:07,U021354,P00020,APP商城,陕西省,咸阳市,1,62.55,12.41,50.14,待付款,微信支付
SO20260601000833,2026-06-01 06:28:07,U021354,P00020,APP商城,陕西省,咸阳市,1,62.55,12.41,50.14,待付款,微信支付
SO20260601000833,2026-06-01 06:28:07,U021354,P00143,APP商城,陕西省,咸阳市,1,8702.41,2044.93,6657.48,待付款,微信支付
SO20260601000834,2026-06-01 21:20:17,U024546,P00117,APP商城,山西省,太原市,1,5661.43,764.75,4896.68,已完成,银行卡
SO20260601000834,2026-06-01 21:20:17,U024546,P00097,APP商城,山西省,太原市,1,4285.59,262.08,4023.51,已完成,银行卡
SO20260601000834,2026/06/01 21:20,U024546,P00117,APP商城,山西省,太原市,2,8706.84,0.00,17413.68,已完成,银行卡
SO20260601000835,2026-06-01T10:13:20,U009753,P00165,微信小程序,江西省,南昌市,2,2148.98,0.00,4297.96,已完成,微信支付
SO20260601000835,2026/06/01 10:13,U009753,P00095,微信小程序,江西省,南昌市,1,941.29,0.00,941.29,已完成,微信支付
SO20260601000835,2026-06-01 10:13:20,U009753,P00009,微信小程序,江西省,南昌市,1,1708.38,0.00,1708.38,已完成,微信支付
SO20260601000836,2026-06-01 14:09:30,U031718,P00013,天猫旗舰店,北京市,北京市,1,737.97,0.00,737.97,已支付,微信支付
SO20260601000837,2026-06-01 05:27:12,U003779,P00083,天猫旗舰店,安徽省,芜湖市,1,6020.78,0.00,6020.78,已取消,微信支付
SO20260601000838,2026-06-31 10:00:00,U046501,P00165,微信小程序,广东省,珠海市,2,582.34,0.00,1164.68,已完成,支付宝
SO20260601000838,2026-06-01 18:24:44,U046501,P00186,微信小程序,广东省,珠海市,1,559.95,73.07,486.88,已完成,支付宝
SO20260601000839,2026-06-01 23:43:37,U000998,P00196,京东自营,上海市,上海市,1,439.92,0.00,439.92,已支付,
SO20260601000839,2026-06-01 23:43:37,U000998,P00114,京东自营,上海市,上海市,1,8081.60,894.19,7187.41,已支付,微信支付
SO20260601000840,2026-06-01 18:57:13,U041446,P00055,APP商城,湖北省,襄阳市,1,421.76,45.70,376.06,已完成,支付宝
SO20260601000840,2026-06-01 18:57:13,U041446,P00175,APP商城,湖北省,襄阳市,2,325.90,42.53,609.27,已完成,支付宝
SO20260601000841,2026-06-01 13:15:51,U007579,P00013,天猫旗舰店,浙江省,金华市,2,722.98,80.96,1365.00,已完成,微信支付
SO20260601000842,2026-06-01 21:13:42,U054921,P00113,京东自营,上海市,上海市,1,431.19,0.00,431.19,待付款,微信支付
SO20260601000843,2026-06-01 08:21:11,U014418,P00001,APP商城,湖北省,襄阳市,1,7073.59,0.00,7073.59,已支付,银行卡
SO20260601000843,2026-06-01 08:21:11,U014418,P00076,APP商城,湖北省,襄阳市,1,1526.68,261.06,1265.62,已支付,银行卡
SO20260601000844,2026-06-01 17:06:13,U038072,P00007,京东自营,广东省,广州市,2,6983.59,2882.40,11084.78,已完成,微信支付
SO20260601000845,2026/06/01 02:06,U004481,P00040,APP商城,河南省,新乡市,1,197.02,0.00,197.02,已完成,银行卡
SO20260601000845,2026-06-01 02:06:41,U004481,P00016,APP商城,河南省,新乡市,1,621.58,0.00,621.58,已完成,银行卡
SO20260601000845,2026-06-01 02:06:41,U004481,P00167,APP商城,河南省,新乡市,1,308.64,50.21,258.43,已完成,银行卡
SO20260601000846,2026-06-01 19:53:56,U029508,P00078,APP商城,江苏省,常州市,1,131.01,30.17,100.84,已完成,微信支付
SO20260601000846,2026-06-01 19:53:56,U029508,P00006,APP商城,江苏省,常州市,1,113.93,23.18,90.75,已完成,微信支付
SO20260601000847,2026/06/01 21:00,U058447,P00020,微信小程序,辽宁省,沈阳市,1,2445.27,0.00,2445.27,已完成,银行卡
SO20260601000847,2026-06-01 21:00:36,U058447,P00018,微信小程序,辽宁省,沈阳市,3,6327.74,0.00,18983.22,已完成,银行卡
SO20260601000848,2026/06/01 11:28,U052150,P00094,微信小程序,湖北省,宜昌市,1,1141.11,0.00,1141.11,已支付,支付宝
SO20260601000849,2026/06/01 21:36,U048099,P00161,PC商城,江苏省,苏州市,1,1081.72,0.00,1081.72,已完成,微信支付
SO20260601000850,2026-06-01 09:13:50,U025249,P00057,PC商城,四川省,德阳市,1,107.82,0.00,107.82,已完成,支付宝
SO20260601000850,2026-06-01 09:13:50,U025249,P00155,PC商城,四川省,德阳市,2,747.93,142.66,1353.20,已完成,支付宝
SO20260601000850,2026-06-01 09:13:50,U025249,P00184,PC商城,四川省,德阳市,1,749.11,0.00,749.11,已完成,支付宝
SO20260601000851,2026-06-01 19:21:31,U046866,P00099,微信小程序,四川省,成都市,1,430.71,52.18,378.53,待付款,
SO20260601000851,2026-06-01 19:21:31,U046866,P00167,微信小程序,四川省,成都市,1,1680.91,133.29,1547.62,待付款,支付宝
SO20260601000852,2026-06-01 20:04:36,U027121,P00042,PC商城,浙江省,杭州市,1,1704.11,0.00,1704.11,已完成,支付宝
SO20260601000852,2026-06-01 20:04:36,U027121,P00157,PC商城,浙江省,杭州市,1,584.67,87.56,497.11,已完成,支付宝
SO20260601000853,2026-06-01 09:57:40,U032527,P00119,微信小程序,湖北省,宜昌市,1,8534.02,1989.77,6544.25,已完成,花呗
SO20260601000854,2026-06-01 22:45:37,U028133,P00028,APP商城,北京市,北京市,2,620.84,0.00,1241.68,已支付,微信支付
SO20260601000855,2026-06-01 09:34:37,U023571,P00090,APP商城,江苏省,南通市,1,282.47,0.00,282.47,已完成,支付宝
SO20260601000855,2026-06-01 09:34:37,U023571,P00033,APP商城,江苏省,南通市,3,6377.86,1710.64,17422.94,已完成,支付宝
SO20260601000855,2026-06-01 09:34:37,U023571,P00179,APP商城,江苏省,南通市,2,1814.96,221.46,3408.46,已完成,支付宝
SO20260601000856,2026-06-01 09:02:14,U043769,P00092,天猫旗舰店,江苏省,苏州市,1,1754.15,311.76,1442.39,已支付,银行卡
SO20260601000856,2026-06-01 09:02:14,U043769,P00046,天猫旗舰店,江苏省,苏州市,2,1678.01,324.30,3031.72,已支付,银行卡
SO20260601000856,2026-06-01 09:02:14,U043769,P00033,天猫旗舰店,江苏省,苏州市,1,1925.08,0.00,1925.08,已支付,银行卡
SO20260601000857,2026-06-01 21:38:38,U031551,P00030,APP商城,湖北省,襄阳市,1,247.16,47.25,199.91,已支付,
SO20260601000858,2026-06-01T09:57:32,U035122,P00200,PC商城,黑龙江省,哈尔滨市,2,369.01,0.00,738.02,已完成,支付宝
SO20260601000859,2026-06-01 11:50:22,U005136,P00089,APP商城,辽宁省,大连市,1,209.09,0.00,209.09,待付款,微信支付
SO20260601000859,2026-06-01 11:50:22,U005136,P00031,APP商城,辽宁省,大连市,1,1084.94,77.77,1007.17,待付款,微信支付
SO20260601000859,2026-06-01 11:50:22,U005136,P00106,APP商城,辽宁省,大连市,1,793.82,0.00,793.82,待付款,微信支付
SO20260601000860,2026-06-01 18:45:02,U019231,P00163,微信小程序,湖南省,湘潭市,3,879.72,0.00,2639.16,已完成,支付宝
SO20260601000861,2026-06-01 13:55:48,U014558,P00195,PC商城,黑龙江省,哈尔滨市,1,5416.16,0.00,5416.16,已完成,支付宝
SO20260601000861,2026/06/01 13:55,U014558,P00071,PC商城,黑龙江省,哈尔滨市,1,93.49,7.07,86.42,已完成,支付宝
SO20260601000862,2026-06-01 21:59:09,U003788,P00053,APP商城,福建省,厦门市,1,8530.66,0.00,8530.66,已完成,支付宝
SO20260601000862,2026/06/01 21:59,U003788,P00135,APP商城,福建省,厦门市,1,2447.40,0.00,2447.40,已完成,支付宝
SO20260601000862,2026-06-01 21:59:09,U003788,P00132,APP商城,福建省,厦门市,3,397.28,0.00,1191.84,已完成,支付宝
SO20260601000863,2026-06-01 23:16:53,U006587,P00191,APP商城,黑龙江省,哈尔滨市,1,125.08,18.26,106.82,已完成,支付宝
SO20260601000864,2026-06-01 16:07:25,U020896,P00001,APP商城,广东省,深圳市,1,1435.49,119.76,1315.73,已完成,微信支付
SO20260601000864,2026-06-01 16:07:25,U020896,P00030,APP商城,广东省,深圳市,3,117.99,56.96,297.01,已完成,微信支付
SO20260601000864,2026-06-01 16:07:25,U020896,P00016,APP商城,广东省,深圳市,1,1083.19,68.47,1014.72,已完成,微信支付
SO20260601000865,2026-06-01 20:38:20,U022011,P00080,APP商城,河北省,唐山市,1,310.91,43.05,267.86,已支付,货到付款
SO20260601000866,2026-06-01 12:00:55,U000600,P00028,APP商城,重庆市,重庆市,1,6209.66,0.00,6209.66,已完成,微信支付
SO20260601000866,0000-00-00 00:00:00,U000600,P00156,APP商城,重庆市,重庆市,2,364.55,174.64,554.46,已完成,微信支付
SO20260601000867,2026-06-01 22:12:10,U053738,P00162,PC商城,河北省,石家庄市,2,114.71,0.00,229.42,已完成,支付宝
SO20260601000867,2026-06-01 22:12:10,U053738,P00181,PC商城,河北省,石家庄市,1,2477.99,0.00,2477.99,已完成,支付宝
SO20260601000868,2026/06/01 16:05,U009016,P00087,京东自营,陕西省,咸阳市,1,901.38,0.00,901.38,已完成,支付宝
SO20260601000868,2026-06-01 16:05:06,U009016,P00189,京东自营,陕西省,咸阳市,2,198.99,80.49,317.49,已完成,支付宝
SO20260601000869,2026/06/01 10:38,U042045,P00195,APP商城,湖南省,株洲市,3,1079.25,0.00,3237.75,已取消,支付宝
SO20260601000869,2026-06-01 10:38:44,U042045,P00119,APP商城,湖南省,株洲市,1,7365.68,0.00,7365.68,已取消,支付宝
SO20260601000869,2026-06-01 10:38:44,U042045,P00068,APP商城,湖南省,株洲市,1,890.25,116.97,773.28,已取消,支付宝
SO20260601000870,2026-06-01 10:40:26,U005011,P00111,APP商城,北京市,北京市,5,600.45,424.60,2577.65,已完成,支付宝
SO20260601000870,2026-06-01 10:40:26,U005011,P00197,APP商城,北京市,北京市,1,41.70,0.00,41.70,已完成,支付宝
SO20260601000870,2026-06-01 10:40:26,U005011,P00189,APP商城,北京市,北京市,1,779.06,186.77,592.29,已完成,支付宝
SO20260601000871,2026-06-01 16:22:22,U023320,P00028,天猫旗舰店,山东省,潍坊市,1,815.90,0.00,815.90,已支付,银行卡
SO20260601000872,2026-06-01 08:50:44,U030604,P00060,PC商城,福建省,泉州市,1,1277.46,0.00,1277.46,已退款,支付宝
SO20260601000872,2026-06-01 08:50:44,U030604,P00182,PC商城,福建省,泉州市,1,1824.88,166.89,1657.99,已退款,支付宝
SO20260601000873,2026-06-01 14:08:30,U024407,P00140,微信小程序,福建省,泉州市,1,78.35,18.99,59.36,已支付,花呗
SO20260601000874,2026-06-01 09:35:12,U014274,P00023,京东自营,广东省,广州市,1,813.45,0.00,813.45,已完成,微信支付
SO20260601000875,2026-06-01 17:26:48,U011607,P00035,APP商城,四川省,绵阳市,1,5208.19,870.30,4337.89,已完成,微信支付
SO20260601000875,2026-06-01 17:26:48,U011607,P00024,APP商城,四川省,绵阳市,1,341.51,78.87,262.64,已完成,微信支付
SO20260601000875,2026-06-01 17:26:48,U011607,P00158,APP商城,四川省,绵阳市,1,1635.15,0.00,1635.15,已完成,微信支付
SO20260601000876,2026-06-01 13:46:57,U015847,P00025,微信小程序,山西省,太原市,1,695.63,129.61,566.02,已完成,支付宝
SO20260601000877,2026/06/01 11:07,U025077,P00061,京东自营,河南省,郑州市,1,275.77,0.00,275.77,已完成,支付宝
SO20260601000877,2026-06-01 11:07:47,U025077,P00154,京东自营,河南省,郑州市,1,261.66,26.62,235.04,已完成,支付宝
SO20260601000878,2026-06-01 15:17:46,U055542,P00075,APP商城,浙江省,杭州市,1,1165.65,179.10,986.55,待付款,支付宝
SO20260601000878,2026-06-01 15:17:46,U055542,P00032,APP商城,浙江省,杭州市,1,7566.28,0.00,7566.28,待付款,支付宝
SO20260601000878,2026-06-01 15:17:46,U055542,P00196,APP商城,浙江省,杭州市,1,144.07,16.28,127.79,待付款,支付宝
SO20260601000879,2026-06-01 21:11:40,U020828,P00060,APP商城,山东省,潍坊市,1,298.07,0.00,298.07,已妥投,微信支付
SO20260601000879,2026-06-01 21:11:40,U020828,P00144,APP商城,山东省,潍坊市,1,5340.26,0.00,5340.26,已完成,微信支付
SO20260601000880,2026-06-01 21:48:59,U059112,P00151,天猫旗舰店,四川省,成都市,1,113.33,0.00,113.33,已完成,支付宝
SO20260601000880,2026-06-01 21:48:59,U059112,P00159,天猫旗舰店,四川省,成都市,5,303.47,0.00,1517.35,已完成,支付宝
SO20260601000881,2026-06-01 19:57:22,U014997,P00154,APP商城,江苏省,苏州市,1,1000.85,0.00,1000.85,已退款,微信支付
SO20260601000881,2026-06-01 19:57:22,U014997,P00071,APP商城,江苏省,苏州市,1,8398.99,0.00,8398.99,已退款,微信支付
SO20260601000882,2026-06-01 18:33:17,U019030,P00015,天猫旗舰店,北京市,北京市,2,1177.15,370.52,1983.78,已完成,支付宝
SO20260601000882,2026-06-01 18:33:17,U019030,P00120,天猫旗舰店,北京市,北京市,1,615.63,65.27,550.36,已完成,支付宝
SO20260601000883,2026-06-01 14:16:58,U031498,P00054,天猫旗舰店,浙江省,金华市,3,141.40,0.00,424.20,已完成,微信支付
SO20260601000884,2026-06-01 12:51:50,U022022,P00116,PC商城,湖南省,长沙市,2,3078.20,0.00,6156.40,已完成,支付宝
SO20260601000884,2026-06-01 12:51:50,U022022,P00194,PC商城,湖南省,长沙市,3,285.40,0.00,856.20,已完成,支付宝
SO20260601000884,2026-06-01 12:51:50,U022022,P00056,PC商城,湖南省,长沙市,1,5550.00,0.00,5550.00,已完成,支付宝
SO20260601000885,2026-06-01 17:17:59,U037755,P00192,微信小程序,安徽省,合肥市,1,160.63,14.28,146.35,已支付,支付宝
SO20260601000885,2026/06/01 17:17,U037755,P00188,微信小程序,安徽省,合肥市,3,768.07,374.96,3045.80,已支付,支付宝
SO20260601000886,2026-06-01 17:03:36,U026390,P00015,APP商城,浙江省,嘉兴市,2,197.00,86.56,307.44,已完成,微信支付
SO20260601000886,2026-06-01 17:03:36,U026390,P00008,APP商城,浙江省,嘉兴市,1,7312.54,1512.51,5800.03,已完成,微信支付
SO20260601000886,2026-06-01 17:03:36,U026390,P00045,APP商城,浙江省,嘉兴市,1,52.41,3.28,49.13,已完成,微信支付
SO20260601000887,2026-06-01 20:23:20,U023086,P00182,APP商城,广东省,深圳市,2,8083.22,0.00,16166.44,已完成,微信支付
SO20260601000887,2026-06-01 20:23:20,U023086,P00152,APP商城,广东省,深圳市,1,319.52,0.00,319.52,已完成,微信支付
SO20260601000887,2026-06-01 20:23:20,U023086,P00023,APP商城,广东省,深圳市,2,7847.12,2035.92,13658.32,已完成,微信支付
SO20260601000888,2026-06-01 21:21:24,U012068,P00188,京东自营,辽宁省,大连市,1,7424.54,625.18,6799.36,已完成,微信支付
SO20260601000889,2026-06-01 11:50:14,U043373,P00125,微信小程序,广东省,广州市,2,865.58,199.84,1531.32,已完成,银行卡
SO20260601000889,2026-06-01T11:50:14,U043373,P00049,微信小程序,广东省,广州市,2,132.90,0.00,265.80,已完成,银行卡
SO20260601000889,2026-06-01 11:50:14,U043373,P00154,微信小程序,广东省,广州市,2,508.98,0.00,1017.96,已完成,银行卡
SO20260601000890,2026-06-01 13:07:29,U042105,P00083,PC商城,陕西省,咸阳市,1,1114.04,0.00,1114.04,已支付,微信支付
SO20260601000891,2026-06-01 09:44:12,U011416,P00043,PC商城,上海市,上海市,1,1116.90,0.00,1116.90,已支付,微信支付
SO20260601000891,2026-06-01 09:44:12,U011416,P00089,PC商城,上海市,上海市,2,1518.27,304.11,2732.43,已支付,微信支付
SO20260601000892,2026-06-01 11:02:18,U009509,P00123,PC商城,广东省,珠海市,2,6407.47,0.00,12814.94,已完成,微信支付
SO20260601000893,2026-06-01 19:56:59,U000830,P00055,APP商城,江西省,南昌市,1,1440.64,304.89,1135.75,已完成,支付宝
SO20260601000893,2026-06-01 19:56:59,U000830,P00053,APP商城,江西省,南昌市,1,5641.23,425.10,5216.13,已完成,支付宝
SO20260601000893,2026-06-01 19:56:59,U000830,P00053,APP商城,江西省,南昌市,1,5641.23,425.10,5216.13,已完成,支付宝
SO20260601000894,2026-06-01 15:54:11,U055855,P00155,PC商城,山东省,潍坊市,1,2983.26,348.19,2635.07,已完成,微信支付
SO20260601000895,2026-06-01 17:20:02,U045441,P00072,京东自营,福建省,厦门市,1,1089.60,184.06,905.54,已完成,微信支付
SO20260601000895,2026-06-01 17:20:02,U045441,P00107,京东自营,福建省,厦门市,3,1463.63,0.00,4390.89,已完成,微信支付
SO20260601000896,2026-06-01 11:00:46,U004348,P00152,APP商城,广东省,珠海市,1,835.21,77.14,758.07,已取消,银行卡
SO20260601000896,2026-06-01 11:00:46,U004348,P00052,APP商城,广东省,珠海市,1,287.04,0.00,287.04,已取消,银行卡
SO20260601000896,2026-06-01 11:00:46,U004348,P00160,APP商城,广东省,珠海市,1,1625.14,0.00,1625.14,已取消,银行卡
SO20260601000897,2026-06-01T06:51:08,U040130,P00193,微信小程序,广东省,佛山市,3,1175.13,0.00,3525.39,已完成,支付宝
SO20260601000898,2026-06-01 20:47:32,U053176,P00033,PC商城,湖北省,武汉市,2,113.57,0.00,227.14,已支付,银行卡
SO20260601000899,2026-06-01 18:29:25,U044977,P00111,天猫旗舰店,河南省,洛阳市,2,8358.66,2517.72,14199.60,已支付,支付宝
SO20260601000899,2026-06-01 18:29:25,U044977,P00066,天猫旗舰店,河南省,洛阳市,1,741.78,0.00,741.78,已支付,支付宝
SO20260601000900,2026-06-01 22:36:16,U043988,P00073,微信小程序,重庆市,重庆市,2,231.08,92.67,369.49,已取消,支付宝
SO20260601000900,2026-06-01 22:36:16,U043988,P00193,微信小程序,重庆市,重庆市,1,1491.10,282.37,1208.73,已取消,支付宝
SO20260601000901,2026-06-01 12:39:39,U047095,P00039,京东自营,福建省,泉州市,2,2262.70,394.12,4131.28,已完成,支付宝
SO20260601000901,2026/06/01 12:39,U047095,P00170,京东自营,福建省,泉州市,1,165.47,0.00,165.47,已完成,支付宝
SO20260601000902,2026-06-01 05:44:18,U059644,P00189,PC商城,江西省,赣州市,2,6922.50,3127.53,10717.47,已完成,微信支付
SO20260601000903,2026-06-01 07:42:48,U003346,P00147,微信小程序,福建省,福州市,1,376.73,81.36,295.37,已取消,支付宝
SO20260601000903,2026-06-01 07:42:48,U003346,P00024,微信小程序,福建省,福州市,1,1265.93,0.00,1265.93,已取消,支付宝
SO20260601000904,2026-06-01 20:08:15,U025729,P00035,微信小程序,北京市,北京市,1,517.33,0.00,517.33,已完成,支付宝
SO20260601000904,2026-06-01 20:08:15,U025729,P00177,微信小程序,北京市,北京市,2,293.57,0.00,587.14,已完成,支付宝
SO20260601000905,2026-06-01 16:29:15,U026052,P00113,天猫旗舰店,,青岛市,1,6505.90,1611.55,4894.35,已取消,微信支付
SO20260601000906,2026-06-01 21:07:45,U018858,P00029,京东自营,湖南省,长沙市,1,441.69,92.96,348.73,已完成,支付宝
SO20260601000906,2026/06/01 21:07,U018858,P00174,京东自营,湖南省,长沙市,1,300.29,0.00,300.29,已完成,支付宝
SO20260601000906,2026-06-01 21:07:45,U018858,P00023,京东自营,湖南省,长沙市,1,-673.28,110.61,562.67,已完成,支付宝
SO20260601000907,2026-06-01 00:11:10,U030000,P00136,APP商城,江苏省,无锡市,1,111.13,0.00,111.13,已完成,微信支付
SO20260601000907,2026-06-01 00:11:10,U030000,P00034,APP商城,江苏省,无锡市,1,127.08,17.96,109.12,已完成,微信支付
SO20260601000908,2026-06-01 16:35:15,U048542,P00059,微信小程序,北京市,北京市,1,5335.28,565.58,4769.70,已支付,支付宝
SO20260601000908,2026-06-01 16:35:15,U048542,P00009,微信小程序,北京市,北京市,1,716.61,0.00,716.61,已支付,支付宝
SO20260601000908,2026-06-01 16:35:15,U048542,P00009,微信小程序,北京市,北京市,1,716.61,0.00,716.61,已支付,支付宝
SO20260601000908,2026-06-01 16:35:15,U048542,P00039,微信小程序,北京市,北京市,2,369.16,47.61,690.71,已支付,支付宝
SO20260601000909,2026-06-01 10:08:59,U002912,P00026,PC商城,河北省,保定市,1,613.29,32.71,580.58,已完成,微信支付
SO20260601000910,2026-06-01 15:46:48,U012868,P00124,APP商城,浙江省,宁波市,1,3968.13,0.00,3968.13,已完成,微信支付
SO20260601000911,2026-06-01 09:09:36,U057994,P00117,微信小程序,广东省,广州市,1,323.23,21.02,302.21,已完成,货到付款
SO20260601000911,2026-06-01 09:09:36,U057994,P00039,微信小程序,广东省,广州市,2,1338.87,484.03,2193.71,已完成,货到付款
SO20260602000912,2026-06-02T12:51:50,U031228,P00175,微信小程序,江苏省,常州市,1,293.43,0.00,293.43,已完成,微信支付
SO20260602000913,2026-06-02 10:25:51,U048978,P00023,APP商城,上海市,上海市,1,36.41,0.00,36.41,已完成,微信支付
SO20260602000914,2026-06-02 21:27:12,U039741,P00109,微信小程序,北京市,北京市,2,816.86,0.00,1633.72,已完成,支付宝
SO20260602000914,2026-06-02 21:27:12,U039741,P00013,微信小程序,北京市,北京市,1,8761.26,1795.32,6965.94,已完成,支付宝
SO20260602000914,2026-06-02 21:27:12,U039741,P00082,微信小程序,北京市,北京市,1,2307.59,125.76,2181.83,已完成,支付宝
SO20260602000915,2026/06/02 20:33,U034513,P00136,天猫旗舰店,江苏省,苏州市,1,260.32,0.00,260.32,已完成,货到付款
SO20260602000915,2026-06-02 20:33:37,U034513,P00158,天猫旗舰店,江苏省,苏州市,2,205.58,89.93,321.23,已完成,货到付款
SO20260602000916,2026-06-02 21:04:47,U056926,P00118,PC商城,山东省,济南市,2,863.54,0.00,1727.08,已完成,微信支付
SO20260602000917,2026-06-02 12:28:52,U014867,P00057,微信小程序,广东省,深圳市,1,231.05,15.49,215.56,已完成,货到付款
SO20260602000917,2026/06/02 12:28,U014867,P00031,微信小程序,广东省,深圳市,4,5996.50,0.00,23986.00,已完成,货到付款
SO20260602000918,2026-06-02 11:40:36,U016594,P00108,微信小程序,陕西省,咸阳市,1,258.33,24.75,233.58,已完成,微信支付
SO20260602000918,2026-06-02 11:40:36,U016594,P00055,微信小程序,陕西省,咸阳市,5,35.04,0.00,175.20,已完成,微信支付
SO20260602000919,2026-06-02 20:43:31,U021968,P00191,APP商城,安徽省,合肥市,2,5760.60,0.00,11521.20,已完成,支付宝
SO20260602000919,2026/06/02 20:43,U021968,P00168,APP商城,安徽省,合肥市,2,1110.30,432.76,1787.84,已完成,支付宝
SO20260602000919,2026-06-02 20:43:31,U021968,P00178,APP商城,安徽省,合肥市,1,2686.94,0.00,2686.94,已完成,支付宝
SO20260602000920,2026-06-02 10:07:30,U016585,P00151,APP商城,山东省,潍坊市,2,1716.75,0.00,3433.50,待付款,银行卡
SO20260602000921,2026-06-02 19:59:23,U031967,P00042,微信小程序,湖北省,武汉市,1,177.44,18.59,158.85,已取消,支付宝
SO20260602000921,2026-06-02 19:59:23,U031967,P00153,微信小程序,湖北省,武汉市,5,1119.74,1108.46,4490.24,已取消,支付宝
SO20260602000921,2026-06-02 19:59:23,U031967,P00121,微信小程序,湖北省,武汉市,2,454.14,153.80,754.48,已取消,支付宝
SO20260602000922,2026-06-02 15:11:42,U044328,P00031,京东自营,湖南省,长沙市,1,720.96,159.57,561.39,已完成,银行卡
SO20260602000922,2026-06-02 15:11:42,U044328,P00196,京东自营,湖南省,长沙市,1,181.97,35.65,146.32,已完成,银行卡
SO20260602000922,2026-06-02 15:11:42,U044328,P00141,京东自营,湖南省,长沙市,1,4443.33,415.74,4027.59,已完成,银行卡
SO20260602000923,2026-06-02 15:43:24,U004955,P00061,APP商城,浙江省,温州市,1,935.45,0.00,935.45,已完成,支付宝
SO20260602000924,2026-06-02 18:11:13,U054817,P00155,PC商城,湖南省,长沙市,1,5527.52,0.00,5527.52,已完成,花呗
SO20260602000925,2026-06-02 20:08:43,U033551,P00134,微信小程序,湖北省,宜昌市,1,815.76,120.69,695.07,已退款,支付宝
SO20260602000926,2026-06-02 13:08:51,U041871,P00005,京东自营,广东省,佛山市,1,1747.32,0.00,1747.32,已支付,支付宝
SO20260602000926,2026-06-02 13:08:51,U041871,P00085,京东自营,广东省,佛山市,2,1190.66,589.40,1791.92,已支付,支付宝
SO20260602000926,2026/13/45 25:61:00,U041871,P00031,京东自营,广东省,佛山市,1,78.04,0.00,78.04,已支付,支付宝
SO20260602000927,2026-06-02 18:24:07,U040941,P00033,APP商城,北京市,北京市,1,128.90,29.13,99.77,待付款,微信支付
SO20260602000928,2026-06-02 11:41:43,U041803,P00031,APP商城,浙江省,温州市,1,1426.39,308.26,1118.13,已完成,支付宝
SO20260602000929,2026-06-02 20:33:27,U044889,P00198,天猫旗舰店,浙江省,杭州市,3,375.71,0.00,1127.13,已退款,银行卡
SO20260602000929,2026-06-02 20:33:27,U044889,P00174,天猫旗舰店,浙江省,杭州市,1,5774.86,0.00,5774.86,已退款,银行卡
SO20260602000929,,U044889,P00006,天猫旗舰店,浙江省,杭州市,1,6546.00,549.37,5996.63,已退款,银行卡
SO20260602000930,2026-06-02 12:21:53,U051424,P00141,微信小程序,广东省,东莞市,1,7194.08,0.00,7194.08,已取消,
SO20260602000931,2026-06-02 12:56:34,U025245,P00081,天猫旗舰店,四川省,绵阳市,1,3677.36,0.00,3677.36,已取消,支付宝
SO20260602000932,2026/06/02 17:39,U054520,P00078,天猫旗舰店,四川省,宜宾市,1,2560.23,0.00,2560.23,已取消,微信支付
SO20260602000932,2026-06-02 17:39:48,U054520,P00133,天猫旗舰店,四川省,宜宾市,3,8896.30,6301.04,20387.86,已取消,微信支付
SO20260602000932,2026-06-02 17:39:48,U054520,P00199,天猫旗舰店,四川省,宜宾市,1,64.53,12.95,51.58,已取消,微信支付
SO20260602000933,2026/06/02 22:08,U043428,P00024,天猫旗舰店,福建省,泉州市,5,130.96,0.00,654.80,已支付,支付宝
SO20260602000934,2026-06-02 16:43:05,U019545,P00025,APP商城,河南省,南阳市,1,6583.24,1258.43,5324.81,已完成,支付宝
SO20260602000934,2026-06-02 16:43:05,U019545,P00039,APP商城,河南省,南阳市,2,532.63,244.26,821.00,已完成,支付宝
SO20260602000935,2026-06-02 07:17:39,U036469,P00160,天猫旗舰店,上海市,上海市,2,8836.26,0.00,17672.52,已完成,微信支付
SO20260602000935,2026-06-02 07:17:39,U036469,P00105,天猫旗舰店,上海市,,3,2277.42,467.64,6364.62,已完成,微信支付
SO20260602000935,2026/13/45 25:61:00,U036469,P00098,天猫旗舰店,上海市,上海市,1,4541.79,0.00,4541.79,已完成,微信支付
SO20260602000936,2026-06-02 11:33:45,U033013,P00160,微信小程序,江苏省,常州市,1,8049.01,1484.27,6564.74,已完成,支付宝
SO20260602000936,2026-06-02 11:33:45,U033013,P00012,微信小程序,江苏省,常州市,2,6496.92,0.00,12993.84,已完成,支付宝
SO20260602000937,2026-06-02 12:13:53,U043809,P00065,微信小程序,湖北省,襄阳市,1,3794.96,859.18,2935.78,已完成,支付宝
SO20260602000937,2026/06/02 12:13,U043809,P00065,微信小程序,湖北省,襄阳市,1,465.50,114.68,350.82,已完成,支付宝
SO20260602000937,2026-06-02 12:13:53,U043809,P00106,微信小程序,湖北省,襄阳市,2,399.52,0.00,799.04,已完成,
SO20260602000938,2026/06/02 19:05,U000595,P00192,微信小程序,北京市,北京市,1,1702.67,0.00,1702.67,已完成,支付宝
SO20260602000938,2026-06-02 19:05:57,U000595,P00100,微信小程序,北京市,北京市,1,705.77,0.00,705.77,已完成,支付宝
SO20260602000939,2026-06-02 12:57:34,U050057,P00010,APP商城,江苏省,南京市,1,512.10,71.87,440.23,已完成,
SO20260602000939,2026-06-02 12:57:34,U050057,P00016,APP商城,江苏省,南京市,1,321.65,0.00,321.65,已完成,支付宝
SO20260602000939,2026-06-02 12:57:34,U050057,P00038,APP商城,江苏省,南京市,1,7458.93,0.00,7458.93,已完成,支付宝
SO20260602000940,2026-06-02 13:21:52,U034072,P00104,APP商城,湖北省,襄阳市,1,570.23,120.99,449.24,已支付,货到付款
SO20260602000941,2026-06-02 11:08:34,U032745,P00035,京东自营,河南省,洛阳市,1,1075.04,0.00,1075.04,已完成,支付宝
SO20260602000942,2026-06-02 15:34:16,U020030,P00032,APP商城,湖北省,宜昌市,1,131.28,8.83,122.45,已完成,支付宝
SO20260602000942,2026-06-02 15:34:16,U020030,P00070,APP商城,湖北省,宜昌市,1,324.31,0.00,324.31,已完成,支付宝
SO20260602000942,0000-00-00 00:00:00,U020030,P00079,APP商城,湖北省,宜昌市,1,307.03,48.26,258.77,已完成,支付宝
SO20260602000943,2026-06-02 14:35:27,U034456,P00186,京东自营,浙江省,金华市,1,77.41,4.98,72.43,已完成,支付宝
SO20260602000943,2026-06-02 14:35:27,U034456,P00163,京东自营,浙江省,金华市,1,873.57,76.09,797.48,已完成,支付宝
SO20260602000944,2026-06-02 11:34:14,U027122,P00185,APP商城,河北省,保定市,2,5844.84,0.00,11689.68,已支付,支付宝
SO20260602000944,2026-06-02 11:34:14,U027122,P00045,APP商城,河北省,保定市,1,267.56,0.00,267.56,已支付,支付宝
SO20260602000945,2026/06/02 09:02,U059950,P00157,PC商城,福建省,福州市,1,1174.48,0.00,1174.48,已支付,微信支付
SO20260602000945,2026-06-02 09:02:15,U059950,P00176,PC商城,福建省,福州市,1,504.91,114.69,390.22,已支付,微信支付
SO20260602000946,2026-06-02 11:03:01,U002850,P00150,APP商城,辽宁省,沈阳市,1,4283.25,0.00,4283.25,待付款,微信支付
SO20260602000946,2026-06-02 11:03:01,U002850,P00128,APP商城,辽宁省,沈阳市,2,383.39,154.98,611.80,待付款,微信支付
SO20260602000946,2026-06-02 11:03:01,U002850,P00076,APP商城,辽宁省,沈阳市,1,4764.60,0.00,4764.60,待付款,微信支付
SO20260602000947,2026-06-02 10:59:55,U027891,P00022,PC商城,河南省,郑州市,1,8122.87,1262.37,6860.50,已完成,微信支付
SO20260602000948,2026-06-02 15:08:16,U053784,P00141,微信小程序,广东省,珠海市,2,268.63,0.00,537.26,已完成,银行卡
SO20260602000949,2026/06/02 16:37,U035599,P00124,天猫旗舰店,山西省,太原市,3,4575.67,0.00,13727.01,已取消,支付宝
SO20260602000949,2026-06-02 16:37:53,U035599,P00115,天猫旗舰店,山西省,太原市,2,297.94,56.82,539.06,已取消,支付宝
SO20260602000949,2026-06-02 16:37:53,U035599,P00029,天猫旗舰店,山西省,太原市,2,1800.55,579.67,3021.43,已取消,支付宝
SO20260602000950,2026-06-02 17:36:36,U019702,P00197,微信小程序,广东省,深圳市,2,507.19,61.97,952.41,已完成,微信支付
SO20260602000950,2026-06-02 17:36:36,U019702,P00014,微信小程序,广东省,深圳市,4,1170.54,0.00,4682.16,已完成,微信支付
SO20260602000950,2026-06-02T17:36:36,U019702,P00130,微信小程序,广东省,深圳市,1,38.85,0.00,38.85,已完成,微信支付
SO20260602000951,2026-06-02 12:15:16,U052265,P00170,天猫旗舰店,江苏省,常州市,1,802.21,76.94,725.27,已完成,支付宝
SO20260602000952,2026-06-02 09:01:28,U030043,P00173,APP商城,广东省,深圳市,1,893.70,127.24,766.46,已取消,微信支付
SO20260602000952,2026-06-02 09:01:28,U030043,P00021,APP商城,广东省,深圳市,2,263.32,0.00,824.00,已取消,微信支付
SO20260602000953,2026-06-02 19:10:37,U029374,P00149,APP商城,广东省,珠海市,1,4713.36,531.75,4181.61,已支付,支付宝
SO20260602000953,2026-06-02 19:10:37,U029374,P00123,APP商城,广东省,珠海市,2,103.80,38.49,169.11,已支付,支付宝
SO20260602000954,2026-06-02 18:16:37,U005821,P00014,微信小程序,浙江省,金华市,1,154.24,37.42,116.82,待付款,支付宝
SO20260602000954,2026-06-02 18:16:37,U005821,P00085,微信小程序,浙江省,金华市,1,675.77,0.00,675.77,待付款,支付宝
SO20260602000955,2026-06-02 17:18:57,U042024,P00179,APP商城,上海市,上海市,3,903.50,0.00,2710.50,已取消,微信支付
SO20260602000955,2026/06/02 17:18,U042024,P00053,APP商城,上海市,上海市,1,3147.47,205.97,2941.50,已取消,微信支付
SO20260602000956,2026/06/02 15:17,U000914,P00031,天猫旗舰店,河南省,新乡市,1,299.62,0.00,299.62,已完成,支付宝
SO20260602000956,2026/06/02 15:17,U000914,P00163,天猫旗舰店,河南省,新乡市,1,533.87,62.42,471.45,已完成,支付宝
SO20260602000957,2026-06-02 18:58:59,U047168,P00018,微信小程序,上海市,上海市,2,358.86,109.02,608.70,已取消,货到付款
SO20260602000958,2026-06-02 11:43:52,U038889,P00049,微信小程序,河北省,唐山市,3,1070.07,0.00,3210.21,已完成,微信支付
SO20260602000958,2026-06-02 11:43:52,U038889,P00175,微信小程序,河北省,唐山市,1,1720.06,201.85,1518.21,已完成,微信支付
SO20260602000959,2026/06/02 17:08,U011401,P00113,PC商城,浙江省,杭州市,1,1275.70,0.00,1275.70,已完成,
SO20260602000959,2026-06-02 17:08:55,U011401,P00085,PC商城,浙江省,杭州市,1,2839.98,0.00,2839.98,已完成,花呗
SO20260602000960,2026/06/02 11:59,U022691,P00009,PC商城,福建省,厦门市,3,1475.21,253.90,4171.73,已退款,支付宝
SO20260602000960,2026-06-02 11:59:26,U022691,P00090,PC商城,福建省,厦门市,1,8110.56,1680.19,6430.37,已退款,支付宝
SO20260602000961,invalid_time,U023493,P00017,天猫旗舰店,安徽省,芜湖市,1,504.52,0.00,504.52,已完成,微信支付
SO20260602000962,2026-06-02 21:10:53,U043803,P00055,天猫旗舰店,广东省,佛山市,1,3312.15,0.00,3312.15,已支付,支付宝
SO20260602000963,2026-06-02 13:12:59,U035507,P00002,京东自营,湖北省,武汉市,1,3972.13,0.00,3972.13,已完成,支付宝
SO20260602000963,,U035507,P00197,京东自营,湖北省,武汉市,2,730.39,0.00,1460.78,已完成,支付宝
SO20260602000963,2026/13/45 25:61:00,U035507,P00043,京东自营,湖北省,武汉市,1,333.38,0.00,333.38,已完成,支付宝
SO20260602000964,2026-06-02 04:55:19,U009051,P00005,APP商城,湖北省,宜昌市,1,2372.36,0.00,2372.36,已退款,银行卡
SO20260602000964,2026-06-02 04:55:19,U009051,P00007,APP商城,湖北省,宜昌市,2,146.32,26.46,266.18,已退款,银行卡
SO20260602000964,2026-06-02 04:55:19,U009051,P00089,APP商城,湖北省,宜昌市,1,11.90,0.00,11.90,已退款,银行卡
SO20260602000965,2026/13/45 25:61:00,U016352,P00089,APP商城,上海市,上海市,1,1954.17,352.44,1601.73,待付款,支付宝
SO20260602000965,2026-06-02 19:31:45,U016352,P00190,APP商城,上海市,上海市,2,6219.32,1136.74,11301.90,待付款,支付宝
SO20260602000966,2026-06-02 14:54:48,U007311,P00083,微信小程序,广东省,东莞市,1,3028.06,0.00,3028.06,已完成,银行卡
SO20260602000967,2026-06-02 10:28:47,U018483,P00131,微信小程序,广东省,东莞市,1,5847.42,850.26,4997.16,已完成,微信支付
SO20260602000967,2026-06-02 10:28:47,U018483,P00085,微信小程序,广东省,东莞市,1,736.17,0.00,736.17,已完成,微信支付
SO20260602000967,2026-06-02 10:28:47,U018483,P00085,微信小程序,广东省,东莞市,1,1120.17,0.00,1120.17,已完成,微信支付
SO20260602000968,2026-06-02 20:55:24,U016607,P00145,京东自营,湖北省,武汉市,4,1658.29,0.00,6633.16,已支付,微信支付
SO20260602000968,2026-06-02 20:55:24,U016607,P00032,京东自营,湖北省,武汉市,2,794.63,0.00,1589.26,已支付,微信支付
SO20260602000969,2026-06-02 15:25:09,U051079,P00098,APP商城,山东省,青岛市,1,485.22,95.42,389.80,已完成,支付宝
SO20260602000970,2026-06-02 21:47:15,U014236,P00085,APP商城,江苏省,常州市,2,445.66,0.00,891.32,已完成,微信支付
SO20260602000970,2026-06-02 21:47:15,U014236,P00089,APP商城,江苏省,常州市,1,130.01,16.41,113.60,已完成,微信支付
SO20260602000971,2026-06-02 17:32:25,U056326,P00144,PC商城,浙江省,宁波市,2,3360.67,1345.89,5375.45,已支付,微信支付
SO20260602000971,2026-06-02 17:32:25,U056326,P00068,PC商城,浙江省,宁波市,1,290.77,0.00,290.77,已支付,微信支付
SO20260602000972,2026-06-02 19:38:28,U043245,P00134,微信小程序,浙江省,宁波市,1,785.19,108.71,676.48,已完成,支付宝
SO20260602000972,2026-06-02 19:38:28,U043245,P00170,微信小程序,浙江省,宁波市,1,141.87,0.00,141.87,已完成,支付宝
SO20260602000973,2026-06-02 08:16:25,U021718,P00187,PC商城,北京市,北京市,1,3646.18,0.00,3646.18,已完成,微信支付
SO20260602000973,2026-06-02T08:16:25,U021718,P00119,PC商城,北京市,北京市,1,129.62,0.00,129.62,已完成,微信支付
SO20260602000973,2026-06-02 08:16:25,U021718,P00010,PC商城,北京市,北京市,1,5809.18,0.00,5809.18,已完成,微信支付
SO20260602000974,2026/06/02 20:03,U053043,P00103,天猫旗舰店,湖北省,宜昌市,2,5753.56,1445.39,10061.73,已完成,支付宝
SO20260602000975,2026-06-02 05:19:59,U025701,P00151,APP商城,福建省,厦门市,1,933.29,0.00,933.29,待付款,支付宝
SO20260602000976,2026-06-02 18:45:57,U019121,P00128,APP商城,江西省,南昌市,1,1835.59,0.00,1835.59,已完成,微信支付
SO20260602000976,2026-06-02 18:45:57,U019121,P00018,APP商城,江西省,南昌市,1,4629.57,0.00,4629.57,已完成,微信支付
SO20260602000977,2026-06-02 15:18:31,U058081,P00135,微信小程序,江苏省,常州市,1,666.83,0.00,666.83,已支付,微信支付
SO20260602000977,invalid_time,U058081,P00035,微信小程序,江苏省,常州市,1,323.56,0.00,323.56,已支付,微信支付
SO20260602000977,2026-06-02 15:18:31,U058081,P00062,微信小程序,江苏省,常州市,1,272.23,0.00,272.23,已支付,微信支付
SO20260602000978,2026-06-02 18:35:50,U017825,P00170,APP商城,四川省,成都市,1,473.71,0.00,473.71,已完成,支付宝
SO20260602000978,2026-06-02 18:35:50,U017825,P00138,APP商城,四川省,成都市,1,438.66,0.00,438.66,已完成,支付宝
SO20260602000979,2026-06-02 07:21:32,U030928,P00127,APP商城,广东省,东莞市,1,55.07,0.00,55.07,已完成,微信支付
SO20260602000979,2026/06/02 07:21,U030928,P00060,APP商城,广东省,东莞市,2,68.63,0.00,137.26,已完成,微信支付
SO20260602000979,2026-06-02 07:21:32,U030928,P00178,APP商城,广东省,东莞市,1,2799.38,0.00,2799.38,已完成,微信支付
SO20260602000980,2026-06-02 08:32:39,U006127,P00183,京东自营,浙江省,金华市,2,668.67,154.78,1182.56,已完成,银行卡
SO20260602000980,2026-06-02 08:32:39,U006127,P00062,京东自营,浙江省,金华市,2,3141.72,0.00,6283.44,已完成,银行卡
SO20260602000981,2026-06-02 18:45:20,U036131,P00109,京东自营,,常州市,1,151.42,13.78,137.64,已完成,支付宝
SO20260602000981,2026/06/02 18:45,U036131,P00110,京东自营,江苏省,常州市,1,393.53,0.00,393.53,已完成,支付宝
SO20260602000981,2026-06-02 18:45:20,U036131,P00031,京东自营,江苏省,常州市,1,18.01,0.00,18.01,已完成,支付宝
SO20260602000982,2026-06-02 08:32:05,U031554,P00113,天猫旗舰店,湖北省,武汉市,1,2445.67,0.00,2445.67,已完成,微信支付
SO20260602000982,2026-06-02 08:32:05,U031554,P00090,天猫旗舰店,湖北省,武汉市,1,6631.63,1564.84,5066.79,已完成,微信支付
SO20260602000983,2026-06-02 13:21:56,U016255,P00152,APP商城,江苏省,常州市,1,143.54,0.00,143.54,已支付,支付宝
SO20260602000983,2026-06-02 13:21:56,U016255,P00110,APP商城,江苏省,常州市,1,5074.44,395.44,4679.00,已支付,支付宝
SO20260602000983,2026-06-02 13:21:56,U016255,P00004,APP商城,江苏省,常州市,1,2471.95,445.48,2026.47,已支付,支付宝
SO20260602000984,2026-06-02 11:56:29,U052257,P00073,APP商城,广东省,广州市,3,1888.05,0.00,5664.15,已完成,支付宝
SO20260602000984,2026-06-02 11:56:29,U052257,P00149,APP商城,广东省,广州市,1,1074.93,218.78,856.15,已完成,支付宝
SO20260602000984,2026-06-02 11:56:29,U052257,P00004,APP商城,广东省,广州市,1,1192.28,161.07,1031.21,已完成,支付宝
SO20260602000985,2026-06-02 17:15:01,U004158,P00169,微信小程序,广东省,深圳市,1,6737.84,0.00,6737.84,已完成,
SO20260602000985,2026-06-02 17:15:01,U004158,P00041,微信小程序,广东省,深圳市,1,780.06,123.85,656.21,已完成,银行卡
SO20260602000985,2026-06-02 17:15:01,U004158,P00016,微信小程序,广东省,深圳市,1,2369.65,0.00,2369.65,已完成,银行卡
SO20260602000986,2026-06-02T20:54:33,U043813,P00151,APP商城,重庆市,重庆市,4,63.20,0.00,252.80,已完成,支付宝
SO20260602000986,2026-06-02 20:54:33,U043813,P00080,APP商城,重庆市,重庆市,2,88.38,24.65,152.11,已完成,支付宝
SO20260602000986,2026-06-02 20:54:33,U043813,P00054,APP商城,重庆市,重庆市,1,244.60,0.00,244.60,已完成,支付宝
SO20260602000987,2026-06-02 00:33:39,U015430,P00107,APP商城,黑龙江省,哈尔滨市,1,1808.57,0.00,1808.57,已取消,支付宝
SO20260602000987,2026-06-02 00:33:39,U015430,P00064,APP商城,黑龙江省,哈尔滨市,4,678.27,0.00,2713.08,已取消,支付宝
SO20260602000988,2026-06-02 17:42:11,U033880,P00009,APP商城,河南省,南阳市,4,541.74,0.00,2166.96,已完成,支付宝
SO20260602000989,2026-06-02 13:15:22,U054411,P00022,天猫旗舰店,湖北省,襄阳市,1,266.84,0.00,266.84,已支付,支付宝
SO20260602000990,2026-06-02 20:02:31,U024249,P00014,微信小程序,北京市,北京市,1,3595.22,0.00,3595.22,已支付,微信支付
SO20260602000991,2026-06-02 01:45:10,U002322,P00093,天猫旗舰店,江苏省,常州市,1,833.64,128.64,705.00,已完成,支付宝
SO20260602000991,2026-06-02 01:45:10,U002322,P00070,天猫旗舰店,江苏省,常州市,1,648.09,0.00,648.09,已完成,支付宝
SO20260602000991,2026-06-02 01:45:10,U002322,P00011,天猫旗舰店,江苏省,常州市,2,141.73,0.00,283.46,已完成,支付宝
SO20260602000992,2026-06-02 20:11:37,U026244,P00022,天猫旗舰店,北京市,北京市,1,6935.71,0.00,6935.71,已支付,银行卡
SO20260602000993,2026-06-02 16:09:39,U049165,P00051,微信小程序,四川省,绵阳市,1,1116.15,199.72,916.43,已完成,支付宝
SO20260602000994,2026-06-02 21:37:22,U018871,P00128,APP商城,河南省,郑州市,1,4086.29,0.00,4086.29,已支付,支付宝
SO20260602000994,2026-06-02 21:37:22,U018871,P00128,APP商城,河南省,郑州市,1,4086.29,0.00,4086.29,已支付,支付宝
SO20260602000994,2026-06-02 21:37:22,U018871,P00152,APP商城,河南省,郑州市,1,5535.39,0.00,5535.39,已支付,支付宝
SO20260602000994,2026-06-02 21:37:22,U018871,P00085,APP商城,河南省,郑州市,1,7482.83,0.00,7482.83,已支付,支付宝
SO20260602000995,2026-06-02 15:10:15,U030253,P00079,APP商城,陕西省,西安市,1,64.51,0.00,64.51,已完成,支付宝
SO20260602000995,2026-06-02 15:10:15,U030253,P00028,APP商城,陕西省,西安市,4,269.64,252.18,826.38,已完成,支付宝
SO20260602000996,2026-06-02 19:13:37,U003946,P00019,微信小程序,浙江省,温州市,1,1794.79,0.00,1794.79,已完成,微信支付
SO20260602000996,2026-06-02 19:13:37,U003946,P00055,微信小程序,浙江省,温州市,1,1086.90,0.00,1086.90,已完成,微信支付
SO20260602000996,2026-06-02 19:13:37,U003946,P00113,微信小程序,浙江省,温州市,1,5650.17,766.97,4883.20,已完成,微信支付
SO20260602000997,2026-06-02 20:40:51,U051624,P00159,PC商城,河南省,新乡市,1,1486.65,0.00,1486.65,已完成,支付宝
SO20260602000997,2026-06-02 20:40:51,U051624,P00162,PC商城,河南省,新乡市,2,4791.37,546.24,9036.50,已完成,支付宝
SO20260602000997,2026-06-02 20:40:51,U051624,P00088,PC商城,河南省,新乡市,2,673.51,0.00,1347.02,已完成,支付宝
SO20260602000998,2026-06-02 19:00:16,U043637,P00081,APP商城,浙江省,宁波市,1,386.32,0.00,386.32,已完成,微信支付
SO20260602000998,2026-06-02T19:00:16,U043637,P00054,APP商城,浙江省,宁波市,2,1102.51,0.00,2205.02,已完成,微信支付
SO20260602000999,2026-06-02 14:03:39,U049546,P00069,APP商城,河北省,唐山市,1,130.17,0.00,130.17,已完成,银行卡
SO20260602000999,2026/06/02 14:03,U049546,P00177,APP商城,河北省,唐山市,5,327.06,0.00,1635.30,已完成,银行卡
SO20260602001000,2026-06-02 22:22:06,U041227,P00141,京东自营,浙江省,温州市,1,162.23,0.00,162.23,待付款,支付宝
SO20260602001000,2026-06-02 22:22:06,U041227,P00100,京东自营,浙江省,温州市,1,268.60,0.00,268.60,待付款,支付宝
SO20260602001000,2026/06/02 22:22,U041227,P00114,京东自营,浙江省,温州市,2,1883.39,776.44,2990.34,待付款,支付宝
SO20260602001001,2026-06-02 19:47:37,U036742,P00069,APP商城,安徽省,芜湖市,3,6874.61,0.00,20623.83,已完成,微信支付
SO20260602001002,2026-06-02 19:25:59,U009431,P00063,天猫旗舰店,山东省,济南市,2,5806.90,735.65,10878.15,已完成,微信支付
SO20260602001002,2026-06-02 19:25:59,U009431,P00131,天猫旗舰店,山东省,济南市,1,2178.50,224.89,1953.61,已完成,微信支付
SO20260602001003,2026-06-02 09:12:17,U020766,P00190,微信小程序,湖北省,宜昌市,1,4784.04,0.00,4784.04,已支付,微信支付
SO20260602001003,2026-06-02 09:12:17,U020766,P00119,微信小程序,湖北省,宜昌市,1,600.05,0.00,600.05,已支付,微信支付
SO20260602001004,2026-06-02 08:29:57,U057886,P00036,天猫旗舰店,广东省,佛山市,1,6249.01,0.00,6249.01,已完成,银行卡
SO20260602001005,2026-06-02 18:34:56,U050908,P00188,APP商城,江苏省,无锡市,1,237.17,55.04,182.13,已取消,微信支付
SO20260602001005,2026/13/45 25:61:00,U050908,P00112,APP商城,江苏省,无锡市,1,843.26,0.00,843.26,已取消,微信支付
SO20260602001006,2026-06-02 17:29:35,U056200,P00090,天猫旗舰店,河南省,新乡市,1,7046.22,1712.80,5333.42,已支付,支付宝
SO20260602001006,2026/06/02 17:29,U056200,P00152,天猫旗舰店,河南省,新乡市,1,341.78,0.00,481.10,已支付,支付宝
SO20260602001007,2026-06-02 12:27:33,U020551,P00183,APP商城,辽宁省,大连市,1,1296.87,224.84,1072.03,已支付,微信支付
SO20260602001008,2026/06/02 12:15,U028973,P00069,京东自营,广东省,珠海市,1,186.82,0.00,186.82,已支付,支付宝
SO20260602001009,2026-06-02 21:48:53,U040315,P00173,APP商城,江苏省,常州市,1,281.01,47.22,233.79,已取消,银行卡
SO20260602001009,2026-06-02 21:48:53,U040315,P00116,APP商城,江苏省,常州市,1,695.29,158.15,537.14,已取消,银行卡
SO20260602001010,2026-06-02 15:07:48,U006764,P00139,微信小程序,山西省,太原市,2,1550.41,385.56,2715.26,已退款,微信支付
SO20260602001011,2026-06-02 20:02:06,U002994,P00095,APP商城,北京市,北京市,1,975.04,0.00,975.04,已完成,支付宝
SO20260602001011,2026-06-02 20:02:06,U002994,P00010,APP商城,北京市,北京市,1,134.67,19.42,115.25,已完成,支付宝
SO20260602001012,2026-06-02 21:26:08,U041143,P00152,APP商城,浙江省,宁波市,1,748.67,168.16,580.51,已支付,微信支付
SO20260602001012,2026-06-02T21:26:08,U041143,P00150,APP商城,浙江省,宁波市,1,159.45,32.04,127.41,已支付,微信支付
SO20260602001012,2026-06-02 21:26:08,U041143,P00090,APP商城,浙江省,宁波市,1,4233.49,0.00,4233.49,已支付,微信支付
SO20260602001013,2026-06-02 21:08:19,U014564,P00068,APP商城,山东省,临沂市,1,68.55,0.00,68.55,已完成,支付宝
SO20260602001013,2026-06-02 21:08:19,U014564,P00194,APP商城,山东省,临沂市,3,154.32,0.00,462.96,已完成,支付宝
SO20260602001014,2026-06-02 14:59:17,U013249,P00165,PC商城,陕西省,咸阳市,3,5935.90,0.00,17807.70,已完成,微信支付
SO20260602001015,2026-06-02 20:48:52,U043852,P00013,京东自营,河南省,郑州市,1,6613.83,0.00,6613.83,已完成,支付宝
SO20260602001016,2026-06-02 14:45:39,U026496,P00118,APP商城,河南省,洛阳市,-1,5265.81,0.00,10531.62,已完成,支付宝
SO20260602001016,2026/06/02 14:45,U026496,P00037,APP商城,河南省,洛阳市,1,10.03,0.85,9.18,已完成,支付宝
SO20260602001017,2026-06-02 12:21:13,U001251,P00007,APP商城,上海市,上海市,1,85.02,0.00,85.02,已完成,微信支付
SO20260602001017,2026-06-02 12:21:13,U001251,P00035,APP商城,上海市,上海市,1,200.29,0.00,200.29,已完成,微信支付
SO20260602001017,2026-06-02 12:21:13,U001251,P00079,APP商城,上海市,上海市,1,29.31,1.92,27.39,已完成,微信支付
SO20260602001018,2026-06-02 17:53:26,U037310,P00178,微信小程序,江苏省,南通市,4,7924.64,7674.71,24023.85,已取消,微信支付
SO20260602001019,2026-06-02 21:06:22,U034591,P00183,天猫旗舰店,江西省,南昌市,1,4237.67,456.22,3781.45,已取消,微信支付
SO20260602001020,2026-06-02 11:03:10,U014959,P00118,PC商城,四川省,绵阳市,1,5750.55,1089.76,4660.79,已完成,微信支付
SO20260602001021,2026-06-02 20:01:45,U019041,P00036,京东自营,广东省,佛山市,1,2269.60,511.93,1757.67,已完成,微信支付
SO20260602001021,2026-06-02 20:01:45,U019041,P00067,京东自营,广东省,佛山市,1,1120.45,147.21,973.24,已完成,微信支付
SO20260602001021,2026/06/02 20:01,U019041,P00005,京东自营,广东省,佛山市,1,5130.83,0.00,5130.83,已完成,微信支付
SO20260602001022,2026-06-02 15:16:05,U040490,P00022,APP商城,陕西省,咸阳市,1,1818.30,0.00,1818.30,已完成,微信支付
SO20260602001022,2026/06/02 15:16,U040490,P00109,APP商城,陕西省,咸阳市,2,96.08,18.52,173.64,已完成,微信支付
SO20260602001023,2026-06-02 12:03:55,U011622,P00178,PC商城,四川省,成都市,1,1134.66,0.00,1134.66,已完成,支付宝
SO20260602001023,2026-06-02 12:03:55,U011622,P00088,PC商城,四川省,成都市,1,110.24,0.00,110.24,已完成,支付宝
SO20260602001024,2026-06-02 12:54:01,U053569,P00107,京东自营,云南省,昆明市,1,577.51,73.93,503.58,已完成,微信支付
SO20260602001024,2026-06-02 12:54:01,U053569,P00121,京东自营,,昆明市,1,8588.11,0.00,8588.11,已完成,微信支付
SO20260602001025,2026-06-02 06:59:06,U053553,P00013,天猫旗舰店,重庆市,重庆市,3,6510.17,0.00,19530.51,已完成,支付宝
SO20260602001026,2026-06-02 14:56:46,U042442,P00093,APP商城,江苏省,常州市,1,3549.34,0.00,3549.34,已支付,支付宝
SO20260602001026,2026/06/02 14:56,U042442,P00104,APP商城,江苏省,常州市,1,532.58,0.00,532.58,已支付,支付宝
SO20260602001027,2026-06-02 14:36:02,U053289,P00011,APP商城,浙江省,宁波市,1,251.76,0.00,251.76,已完成,花呗
SO20260602001027,2026-06-02 14:36:02,U053289,P00055,APP商城,浙江省,宁波市,2,354.00,0.00,708.00,已完成,花呗
SO20260602001027,2026/06/02 14:36,U053289,P00021,APP商城,浙江省,宁波市,1,4955.21,293.80,4661.41,已完成,花呗
SO20260602001028,2026-06-02 15:12:06,U045613,P00118,APP商城,四川省,宜宾市,1,210.04,0.00,210.04,待付款,支付宝
SO20260602001028,2026-06-02 15:12:06,U045613,P00161,APP商城,四川省,宜宾市,1,942.36,0.00,942.36,待付款,支付宝
SO20260602001028,2026-06-02 15:12:06,U045613,P00156,APP商城,四川省,宜宾市,1,1567.49,299.42,1268.07,待付款,支付宝
SO20260602001029,2026-06-02 15:40:08,U042253,P00171,微信小程序,广东省,深圳市,1,4490.95,537.09,3953.86,已完成,微信支付
SO20260602001029,2026-06-02 15:40:08,U042253,P00182,微信小程序,广东省,深圳市,1,809.19,0.00,809.19,已完成,微信支付
SO20260602001029,2026-06-02 15:40:08,U042253,P00175,微信小程序,广东省,,1,1012.65,0.00,1625.41,已完成,微信支付
SO20260602001030,2026-06-02 14:15:43,U043345,P00095,APP商城,重庆市,重庆市,1,5914.08,0.00,5914.08,已完成,支付宝
SO20260602001031,2026-06-02 19:25:37,U005838,P00187,微信小程序,广东省,珠海市,1,502.67,31.04,471.63,已完成,微信支付
SO20260602001031,2026-06-02 19:25:37,U005838,P00037,微信小程序,广东省,珠海市,1,230.35,0.00,230.35,已完成,微信支付
SO20260602001032,2026-06-02T10:26:02,U013870,P00091,PC商城,黑龙江省,哈尔滨市,1,6369.00,1231.16,5137.84,已完成,支付宝
SO20260602001032,2026-06-02 10:26:02,U013870,P00145,PC商城,黑龙江省,哈尔滨市,1,950.38,0.00,950.38,已完成,支付宝
SO20260602001032,2026-06-02 10:26:02,U013870,P00002,PC商城,黑龙江省,哈尔滨市,1,7834.49,1538.32,6296.17,已完成,支付宝
SO20260602001033,2026-06-02 19:29:46,U006204,P00008,APP商城,山东省,潍坊市,2,510.46,0.00,1020.92,已完成,货到付款
SO20260602001034,2026-06-02 18:20:08,U044608,P00041,微信小程序,福建省,福州市,1,4309.39,0.00,4309.39,已支付,微信支付
SO20260602001034,2026/06/02 18:20,U044608,P00070,微信小程序,福建省,福州市,2,869.47,266.98,1471.96,已支付,微信支付
SO20260602001035,2026/06/02 20:55,U041485,P00032,APP商城,四川省,成都市,1,86.86,9.99,76.87,已完成,微信支付
SO20260602001035,2026-06-02 20:55:46,U041485,P00097,APP商城,,成都市,1,2239.27,390.50,1848.77,已完成,微信支付
SO20260602001036,2026-06-02 20:47:53,U015270,P00172,微信小程序,上海市,上海市,1,6772.46,455.68,6316.78,已完成,微信支付
SO20260602001037,2026-06-02 18:54:03,U018457,P00169,APP商城,江苏省,南通市,1,8021.15,0.00,8021.15,已完成,银行卡
SO20260602001038,2026-06-02 16:28:46,U050509,P00076,APP商城,广东省,佛山市,1,5278.08,1226.61,4051.47,已完成,微信支付
SO20260602001038,2026-06-02 16:28:46,U050509,P00106,APP商城,广东省,佛山市,1,2224.48,0.00,2224.48,已完成,微信支付
SO20260602001039,2026/06/02 00:22,U002351,P00083,APP商城,安徽省,合肥市,1,6710.77,0.00,6710.77,已完成,银行卡
SO20260602001039,2026-06-02 00:22:55,U002351,P00096,APP商城,安徽省,合肥市,5,5625.54,0.00,28127.70,已完成,银行卡
SO20260602001040,2026-06-02 09:39:18,U023662,P00014,微信小程序,陕西省,咸阳市,1,330.02,0.00,330.02,已完成,微信支付
SO20260602001041,2026-06-02 16:31:43,U055456,P00039,APP商城,广东省,深圳市,1,114.35,10.69,103.66,已完成,银行卡
SO20260602001041,2026-06-02 16:31:43,U055456,P00154,APP商城,广东省,深圳市,2,54.64,0.00,109.28,已完成,银行卡
SO20260602001042,2026-06-02 22:32:23,U007231,P00056,微信小程序,江苏省,南通市,1,254.34,50.70,203.64,已完成,支付宝
SO20260602001042,2026-06-02 22:32:23,U007231,P00051,微信小程序,江苏省,南通市,1,287.09,24.22,262.87,已完成,支付宝
SO20260602001042,2026-06-02 22:32:23,U007231,P00154,微信小程序,江苏省,南通市,1,651.03,138.10,512.93,已完成,支付宝
SO20260602001043,2026-06-02 10:11:23,U037382,P00166,微信小程序,陕西省,西安市,1,4569.97,0.00,4569.97,已完成,支付宝
SO20260602001043,2026/06/02 10:11,U037382,P00153,微信小程序,陕西省,西安市,1,870.83,0.00,870.83,已完成,支付宝
SO20260602001043,2026-06-02 10:11:23,U037382,P00179,微信小程序,陕西省,西安市,1,107.46,0.00,107.46,已完成,支付宝
SO20260602001044,2026-06-02 17:18:54,U031556,P00030,APP商城,湖南省,长沙市,1,7481.19,0.00,7481.19,已完成,支付宝
SO20260602001044,2026-06-02 17:18:54,U031556,P00099,APP商城,湖南省,长沙市,1,274.63,17.07,257.56,已完成,支付宝
SO20260602001044,2026-06-02 17:18:54,U031556,P00002,APP商城,湖南省,长沙市,2,521.51,0.00,1043.02,已完成,支付宝
SO20260602001045,2026-06-02 06:03:39,U012772,P00045,微信小程序,江苏省,常州市,1,703.83,0.00,703.83,已完成,微信支付
SO20260602001045,2026-06-02 06:03:39,U012772,P00070,微信小程序,江苏省,常州市,2,197.91,20.81,375.01,已完成,微信支付
SO20260602001046,2026-06-02 13:15:14,U051951,P00121,APP商城,陕西省,西安市,2,7296.89,1651.01,12942.77,已取消,微信支付
SO20260602001046,2026-06-02 13:15:14,U051951,P00136,APP商城,陕西省,西安市,1,1561.72,309.13,1252.59,已取消,微信支付
SO20260602001047,2026-06-02 13:26:00,U016884,P00149,微信小程序,湖北省,宜昌市,1,1238.28,118.73,1119.55,已支付,支付宝
SO20260602001048,2026-06-02 18:04:28,U011974,P00135,PC商城,北京市,北京市,1,663.21,0.00,663.21,已支付,支付宝
SO20260602001048,2026/06/02 18:04,U011974,P00015,PC商城,北京市,北京市,4,4524.45,3874.79,14223.01,已支付,支付宝
SO20260602001049,2026-06-02 22:12:52,U008434,P00178,PC商城,山东省,临沂市,1,5300.78,1198.99,4101.79,已支付,银行卡
SO20260602001050,2026-06-02 19:56:54,U028057,P00033,PC商城,陕西省,咸阳市,2,84.86,0.00,169.72,待付款,支付宝
SO20260602001051,2026-06-02 17:15:06,U053861,P00026,微信小程序,四川省,绵阳市,1,8167.91,0.00,8167.91,已完成,微信支付
SO20260602001051,2026-06-02 17:15:06,U053861,P00149,微信小程序,四川省,绵阳市,1,5851.58,1440.49,4411.09,已完成,微信支付
SO20260602001052,2026-06-02 16:10:58,U030686,P00119,微信小程序,云南省,昆明市,1,2881.39,0.00,2881.39,已支付,支付宝
SO20260602001053,2026-06-02 19:17:25,U039387,P00197,微信小程序,湖南省,株洲市,1,976.27,0.00,976.27,已完成,支付宝
SO20260602001053,2026-06-02 19:17:25,U039387,P00006,微信小程序,湖南省,株洲市,1,1818.99,0.00,1818.99,已完成,支付宝
SO20260602001053,2026-06-02 19:17:25,U039387,P00033,微信小程序,湖南省,株洲市,1,152.75,0.00,152.75,已完成,支付宝
SO20260602001054,2026-06-02 13:03:29,U014299,P00119,微信小程序,广东省,佛山市,1,209.94,48.74,161.20,已支付,微信支付
SO20260602001055,2026-06-02 19:42:44,U007127,P00142,微信小程序,山东省,青岛市,2,1621.42,462.20,2780.64,已支付,微信支付
SO20260602001055,2026-06-02 19:42:44,U007127,P00065,微信小程序,山东省,青岛市,1,117.74,0.00,117.74,已支付,微信支付
SO20260602001056,2026-06-02 14:12:37,U026102,P00101,APP商城,浙江省,嘉兴市,1,786.81,0.00,786.81,已完成,微信支付
SO20260602001057,2026-06-02 19:16:57,U058836,P00002,PC商城,四川省,成都市,2,1597.10,0.00,3194.20,已完成,微信支付
SO20260602001057,2026-06-02 19:16:57,U058836,P00066,PC商城,四川省,成都市,1,931.78,0.00,931.78,已完成,微信支付
SO20260602001058,2026/06/02 10:35,U057549,P00038,天猫旗舰店,四川省,成都市,2,7051.90,0.00,14103.80,待付款,支付宝
SO20260602001059,2026-06-02 09:38:17,U057868,P00146,APP商城,,重庆市,1,289.17,0.00,289.17,已完成,微信支付
SO20260602001059,2026-06-02 09:38:17,U057868,P00149,APP商城,重庆市,重庆市,1,601.83,0.00,601.83,已完成,微信支付
SO20260602001060,2026-06-02 18:01:43,U021953,P00118,微信小程序,湖北省,武汉市,1,2906.64,0.00,2906.64,已完成,微信支付
SO20260602001061,2026-06-02 10:10:34,U026038,P00095,APP商城,辽宁省,大连市,1,77.05,8.76,68.29,已支付,支付宝
SO20260602001061,2026-06-02 10:10:34,U026038,P00054,APP商城,辽宁省,大连市,1,884.03,0.00,884.03,已支付,支付宝
SO20260602001061,2026-06-02 10:10:34,U026038,P00103,APP商城,辽宁省,大连市,1,1277.92,0.00,1277.92,已支付,支付宝
SO20260602001062,2026-06-02 12:16:44,U027817,P00069,天猫旗舰店,广东省,深圳市,1,2311.70,365.80,1945.90,已完成,支付宝
SO20260602001062,2026-06-02 12:16:44,U027817,P00138,天猫旗舰店,广东省,深圳市,4,6763.84,0.00,27055.36,已完成,支付宝
SO20260602001062,2026/06/02 12:16,U027817,P00035,天猫旗舰店,广东省,深圳市,1,5185.23,356.88,4828.35,已完成,支付宝
SO20260602001063,2026/06/02 19:33,U027787,P00018,APP商城,湖北省,宜昌市,1,874.98,165.24,709.74,已完成,支付宝
SO20260602001064,2026-06-02 17:00:16,U023839,P00180,微信小程序,广东省,东莞市,1,6316.09,0.00,6316.09,已完成,银行卡
SO20260602001065,2026-06-02 09:28:02,U018749,P00137,APP商城,,湘潭市,2,2685.63,1149.05,4222.21,已完成,花呗
SO20260602001065,2026-06-02 09:28:02,U018749,P00137,APP商城,,湘潭市,2,2685.63,1149.05,4222.21,已完成,花呗
SO20260602001066,2026/06/02 03:44,U042523,P00123,微信小程序,河南省,南阳市,1,889.45,0.00,889.45,已支付,微信支付
